Producto;Precio;Descripcion;Imagen;Pagina
ANILLO VIBRADOR PAREJAS SIVARY;23,00;"‚Ç¨23,00
Disponibilidad:
3 disponibles
Fund√≠os de placer con este anillo vibrador para el pene que incluye un vibrador para estimular el cl√≠toris al mismo tiempo. Posee dos orejas y peque√±as protuberancias para que la estimulaci√≥n durante la relaci√≥n sea totalmente satisfactoria.
Libre de ftalatos y respetuoso con la piel, √©ste anillo es tambi√©n resistente al agua y ultra silencioso. Pilas incluidas.
Material: Silicona y ABS
G√©nero: Unisex
Longitud total: 8 cm
Bater√≠a: 2 pilas AG3 incluidas";data/imagenes_productos\818xShLpbCL._AC_SX679_-500x617.jpg;https://eurovisex.com/categoria-producto/hombre/page/1/
Bomba desarrolladora transparente Toy Joy;32,50;"‚Ç¨32,50
Sin existencias
Es una bomba de succi√≥n con la que conseguir√°s erecciones incre√≠bles en tu pene.
Tambi√©n se puede utilizar como un desarrollador, capaz de fortalecer y aumentar su tama√±o.
Dispone de una junta de silicona¬† para adaptar tu pene a la perfecci√≥n.";data/imagenes_productos\Bomba-transparente-Toy-Joy.jpg;https://eurovisex.com/categoria-producto/hombre/page/1/
Perfume sensual masculino Apolo;24,95;"‚Ç¨24,95
Disponibilidad:
1 disponibles
La gama de perfumes con atrayente sexual de trufa que Secret Play ha desarrollado despierta en la persona una irresistible necesidad de contacto er√≥tico. Las part√≠culas de feromonas biol√≥gicas estimulan el deseo sexual de forma natural a trav√©s del aroma; Una atracci√≥n irresistible para su pareja.
La fragancia m√°s varonil con notas amaderadas.
Producto para hombre.
Envase con sistema ¬´Spray¬ª, de f√°cil aplicaci√≥n.
No testado en animales y fabricado en Espa√±a
Se presenta en envase de 50 ml.";data/imagenes_productos\perfume-apolo.jpg;https://eurovisex.com/categoria-producto/hombre/page/1/
ANILLO VIBRADOR PAREJAS SIVARY;23,00;"‚Ç¨23,00
Disponibilidad:
3 disponibles
Fund√≠os de placer con este anillo vibrador para el pene que incluye un vibrador para estimular el cl√≠toris al mismo tiempo. Posee dos orejas y peque√±as protuberancias para que la estimulaci√≥n durante la relaci√≥n sea totalmente satisfactoria.
Libre de ftalatos y respetuoso con la piel, √©ste anillo es tambi√©n resistente al agua y ultra silencioso. Pilas incluidas.
Material: Silicona y ABS
G√©nero: Unisex
Longitud total: 8 cm
Bater√≠a: 2 pilas AG3 incluidas";data/imagenes_productos\818xShLpbCL._AC_SX679_-500x617.jpg;https://eurovisex.com/categoria-producto/womens/page/1/
Arn√©s doble pene Jelly Seven Creations;55,00;"‚Ç¨55,00
Disponibilidad:
4 disponibles
Arn√©s ajustable para ella con 2 dildos de distintos tama√±os.";data/imagenes_productos\Harnes-doble-pene.jpg;https://eurovisex.com/categoria-producto/womens/page/1/
Arn√©s Ultra Harness;59,50;"‚Ç¨59,50
Sin existencias
Es de¬† talla √∫nica y se adapta perfectamente; dispone de bandas el√°sticas c√≥modas de usar y perfectas para la penetraci√≥n.
Incorpora una bolsa practica para guardarlo despu√©s de su uso.
Sus principales caracter√≠sticas son;";data/imagenes_productos\ultra-arnes-Libayle.jpg;https://eurovisex.com/categoria-producto/womens/page/1/
Crema estimulante Jard√≠n Secreto Shunga;30,00;"‚Ç¨30,00
Disponibilidad:
6 disponibles
Crema que aumenta la sensibilidad de las zonas √≠ntimas de la mujer, proporcionando orgasmos m√°s intensos.";data/imagenes_productos\Jardin-Secreto-shunga.jpg;https://eurovisex.com/categoria-producto/womens/page/1/
Estimulador clitoris Satisfyer 1 Next Generation;19,95;"‚Ç¨19,95
Sin existencias
Para que siempre puedas llevar un poco de placer en la maleta, tu fiel compa√±ero de viaje funciona con dos pilas AAA¬† que te permitir√° disfrutar de tu viaje sensual por el mundo sin complicaciones debidas a la incompatibilidad de los enchufes.
A pesar de ser el hermano menor, cuenta con los 11 niveles de succi√≥n que han hecho famosa a toda la familia Satisfyer.
El Satisfyer 1 ofrece ondas de presi√≥n cl√°sicas con un hermoso dise√±o de oro rosa y proporciona estimulaci√≥n sin contacto para el cl√≠toris con once intensidades. Gracias a las bater√≠as extra√≠bles, tus ¬´viajes¬ª nunca volver√°n a ser lo mismo.

Satisfyer Number One te anima con unas intensas ondas de presi√≥n que hacen vibrar el cl√≠toris. Este vibrador para cl√≠toris cuenta un dise√±o elegante de color oro rosado. Gracias a su forma ergon√≥mica, el Number One se ajusta perfectamente a la mano y acaricia tu perla de placer sin tocarla con 11 intensidades impresionantes, que se pueden ajustar f√°cilmente subiendo y bajando con los botones +/-. La delicada y agradable silicona de uso m√©dico hace que esta pieza de joyer√≠a sea extremadamente agradable para la piel y que te proporcione muchas horas de placer.
El vibrador para cl√≠toris es resistente al agua (IPX7) y te mima no solamente en el sof√° o en la cama, sino tambi√©n bajo la ducha o en la ba√±era. Su motor es silencioso como un susurro para que puedas entregarte totalmente a la excitaci√≥n. Puedes cambiar f√°cilmente la bater√≠a cuando sea necesario, y as√≠ llevar el Satisfyer Number One de viaje y tenerlo listo para disfrutar de horas er√≥ticas en cualquier momento. Una vez que la vibraci√≥n del orgasmo se haya atenuado, podr√°s limpiarlo f√°cilmente con agua tibia, jab√≥n y un limpiador de juguetes. Tambi√©n ofrecemos una garant√≠a de 15 a√±os para esta pieza de joyer√≠a, por lo que estamos seguros de su calidad. ¬øQu√© m√°s te detiene ahora para pedirlo de inmediato y dejar volar tu deseo?
Puedes comprar este modelo de Satisfyer en nuestros Sex Shop en Logro√±o, Zaragoza, lerida y Benidorm, y tambien online.";data/imagenes_productos\Number_One_015061TO_72dpi_2-500x500.png;https://eurovisex.com/categoria-producto/womens/page/1/
Estimulador Pro Traveler Satisfyer;49,95;"‚Ç¨49,95
Sin existencias
Estimulador de viaje que te permite tener orgasmos m√∫ltiples mediante la estimulaci√≥n sin contacto. Tiene 11 patrones de vibraci√≥n que convierten a este producto en un maestro del placer.
Su¬† manejo es muy intuitivo y te permite bajar y subir la intensidad con toda comodidad para que vivas un disfrute individual sin l√≠mites.
El motor es totalmente silencioso, para que llegues al cl√≠max sin llamar la atenci√≥n. Es incre√≠ble cuando lo usas debajo del agua, debido a que es completamente impermeable, lo que tambi√©n facilita su limpieza.";data/imagenes_productos\satisfyer-pro-traveler.jpg;https://eurovisex.com/categoria-producto/womens/page/1/
Estimulador Satisfyer Pro 2 Next Generation;49,95;"‚Ç¨49,95
Disponibilidad:
4 disponibles
M√°s silencioso que los modelos predecesores incluso utiliz√°ndolo en la ba√±era, algo que puedes hacer sin problema pues es resistente al agua.
Su acabado de alta calidad no solo es elegante, sino que mejora la higiene del producto, pues en el interior del aparato no puede entrar agua, lubricantes ni otros fluidos.
El bestseller de los succionadores de clitoris de Satisfyer en Zaragoza";data/imagenes_productos\satisfyer-pro2-next-generation.jpg;https://eurovisex.com/categoria-producto/womens/page/1/
Estimulador Satisfyer Pro 2 Vibration;79,50;"‚Ç¨79,50 El precio original era: ‚Ç¨79,50.‚Ç¨59,50El precio actual es: ‚Ç¨59,50.
Disponibilidad:
1 disponibles
Si la estimulaci√≥n profunda de la tecnolog√≠a de impulsos de aire del modelo Pro 2 ya te ha proporcionado orgasmos de una intensidad inolvidable, su sucesor te catapultar√° hacia niveles insospechados con su nueva funci√≥n vibratoria adicional.
Este modelo incorpora una m√°gica ¬´vibraci√≥n¬ª y combina los 11 niveles de su popular estimulaci√≥n del cl√≠toris mediante impulsos intensos con los 10 programas de vibraciones altamente er√≥ticas que provocan excitantes ondas en el borde del cabezal.";data/imagenes_productos\satisfyer-pro2-Vibration.jpg;https://eurovisex.com/categoria-producto/womens/page/1/
Estimulador Satisfyer Pro Penguin;49,95;"‚Ç¨49,95
Disponibilidad:
3 disponibles
Su forma delgada y ergon√≥mica se adapta perfectamente a la mano y es muy c√≥moda.
Por su dise√±o manejable y su facilidad de manejo, es ideal para las mujeres que quieran iniciarse en estos juegos solitarios.
Es mucho m√°s silencioso durante el uso que otros productos similares en el mercado. Su suave caperuza de silicona antialerg√©nica es higi√©nica, y protege el interior contra la entrada de agua, lubricantes u otros fluidos.";data/imagenes_productos\Satisfyer-penguin.jpg;https://eurovisex.com/categoria-producto/womens/page/1/
HER ULTIMATE PLEASURE;129,90;"‚Ç¨129,90 El precio original era: ‚Ç¨129,90.‚Ç¨99,90El precio actual es: ‚Ç¨99,90.
Disponibilidad:
2 disponibles
S√© creativo con tu juego esta noche con Fantasy For Her Ultimate Pleasure Vibe de dos caras de Pipedream Products.
Incluyendo 2 puntos de placer para elegir, Her Ultimate Pleasure Vibe lame, chupa y vibra a la vez para sacarte.
Uno de los extremos tiene una lengua sensual con 2 mangas texturizadas y 2 ventosas intercambiables que envuelven tu cl√≠toris y tus labios enteros para una experiencia de sexo oral orgasmista realista.
Un mango suave y sensual en el otro extremo se duplica como un masajeador de punto G robusto que se extiende hacia arriba para lograr un sexo completo y sin aliento.
Cuatro potentes motores recargables brindan una estimulaci√≥n √∫nica, dentro y fuera, y una simple interfaz de bot√≥n te mantiene a cargo de la intensidad.
Utilice las tres funciones a la vez o de forma independiente. ¬°Las opciones son infinitas con Her Ultimate Pleasure Vibe!
Lleve a su amor a la ba√±era, la ducha y la piscina: la herramienta sexual de doble cara Pipedream For Her es impermeable y est√° lista para salpicar en cualquier escena acu√°tica.
Lubrique bien con su lubricante a base de agua favorito, y limpie en un instante antes y despu√©s de usarlo con un jab√≥n antibacterial y un enjuague con agua tibia (se seca completamente al aire antes de almacenarlo).
El exclusivo vibrador de succi√≥n oral con punta insertable est√° fabricado con ABS (asas y vasos) seguros para el cuerpo, silicona (lengua) y TPE (mangas texturadas) para su tranquilidad.
El sextoy multifunci√≥n de Pipedream para ella mide 10 ¬´de largo (25 cm), 1.5¬ª de di√°metro, y viene con un cable de carga magn√©tico USB GRATIS para encenderlo.";data/imagenes_productos\fantasy-for-her-her-ultimate-pleasure-D_NQ_NP_790842-MLM31185476003_062019-F-500x500.jpg;https://eurovisex.com/categoria-producto/womens/page/1/
Lubricante Woman Pjur;25,00;"‚Ç¨25,00
Disponibilidad:
4 disponibles
Lubricante a base de silicona que ha sido dise√±ado especialmente para la piel suave y sensible de la mujer. Proporciona una¬† lubricaci√≥n extra de larga duraci√≥n: unas gotas son suficientes para cada uso.
Intensifica el placer, proporcionando una sensaci√≥n aterciopelada y suave en la piel; no obstruye los poros.
Sin substancias olorosas ni saporiferas. Sin aceite ni grasa, sin conservantes.
Tolerancia cut√°nea dermatol√≥gicamente probada.
Se presenta en envase de 100 ml.";data/imagenes_productos\pjur-woman.jpg;https://eurovisex.com/categoria-producto/womens/page/1/
Perfume feromonas mujer Afrodita;24,95;"‚Ç¨24,95
Perfume feromonas mujer Afrodita, atracci√≥n
Sin existencias
La gama de perfumes con atrayente sexual de trufa que Secret Play ha desarrollado despierta en la persona una irresistible necesidad de contacto er√≥tico.
Las part√≠culas de feromonas biol√≥gicas estimulan el deseo sexual de forma natural a trav√©s del aroma; Una atracci√≥n irresistible para su pareja.
Es un producto femenino.
Envase con sistema ¬´Spray¬ª, de f√°cil aplicaci√≥n y con aroma floral.
No testado en animales y fabricado en Espa√±a.
Se presenta en envase de 50 ml.
Adem√°s de su irresistible aroma a caramelo y su sofisticaci√≥n solo te bastar√°n dos aplicaciones para ir bien perfumada todo el d√≠a.
Es perfecto para hacer un buen regalo o simplemente para darte un homenaje porque te gustar√° tanto que no parar√°s de olerte a ti misma.
Envase con sistema ¬´Spray¬ª
F√°cil Aplicaci√≥n
Capacidad: 50 ml
Aroma a caramelo dulce
Para mujer
Referencia: 3172
EAN: 8435097831725
Peso: 0,14 kg / 140 gr
Medidas: 3,5 (anchura) x 3,8 (profundidad) x 14 (altura)
Ingredientes:
Alcohol Denat., Aqua, Parfum, PEG/PPG-14/4 Dimethicone, Glycerin, Potassium Sorbate, Tuber Melanosporum Extract, Benzyl Salicylate, Coumarin, Alpha-Iisomethyl Ionone, Benzyl Cinnamate, Linalool
Modo de empleo:
El perfume puede ser pulverizado en lugares o prendas, o bien aplicado directamente sobre la piel en las zonas habituales.
Precauciones:
-No mezclar con ning√∫n otro perfume o colonia.
-Producto cosm√©tico de uso s√≥lo externo.
-No utilizar en caso de hipersensibilidad o alergia a alguno de los ingredientes.
-En caso de irritaci√≥n suspender el uso.
-No ingerir.
-No aplicar sobre el √°rea de los ojos o heridas.
-Mantener fuera del alcance de los ni√±os.
-Conservar en un lugar fresco, seco y alejado de la luz solar.";data/imagenes_productos\afrodita1-500x500.jpg;https://eurovisex.com/categoria-producto/womens/page/1/
Perfume sensual femenino Venus;24,95;"‚Ç¨24,95
Sin existencias
La gama de perfumes con atrayente sexual de trufa que Secret Play ha desarrollado despierta en la persona una irresistible necesidad de contacto er√≥tico.
Las part√≠culas de feromonas biol√≥gicas estimulan el deseo sexual de forma natural a trav√©s del aroma; Una atracci√≥n irresistible para su pareja.
Es un producto femenino.
Envase con sistema ¬´Spray¬ª, de f√°cil aplicaci√≥n y con aroma floral.
No testado en animales y fabricado en Espa√±a.
Se presenta en envase de 50 ml.";data/imagenes_productos\perfume-venus.jpg;https://eurovisex.com/categoria-producto/womens/page/1/
Satisfyer Love Triangle Connect App Succionador clitoris viaje mini;69,95;"‚Ç¨69,95 El precio original era: ‚Ç¨69,95.‚Ç¨65,00El precio actual es: ‚Ç¨65,00.
Disponibilidad:
3 disponibles
Nuestro Love Triangle combina la probada tecnolog√≠a Air-Pulse con vibraciones profundas y un suave cabezal de silicona. Su pr√°ctico capuch√≥n asegura un almacenamiento higi√©nico y discreto en todo momento, incluso durante los viajes.


El Satisfyer Love Triangle es un c√≥modo vibrador para cl√≠toris con un dise√±o elegante, que se envuelve suavemente alrededor de tu cl√≠toris gracias a su suave cabezal y te lleva con su sensual combinaci√≥n de ondas de presi√≥n y vibraciones a unos orgasmos inimaginables. Eres completamente libre de elegir d√≥nde y c√≥mo quieres disfrutar del placer, ya que esta joya es resistente al agua (grado de protecci√≥n IPX7) y te puede acompa√±ar con mucho gusto bajo el agua. La suave silicona es extremadamente deslizante y se puede limpiar f√°cilmente despu√©s de su uso con agua tibia, jab√≥n y un limpiador de juguetes. Si el rendimiento de tu juguete de bienestar sexual es cada vez menor, puedes recargar la bater√≠a de iones de litio en poco tiempo de forma respetuosa con el medio ambiental con el cable de carga magn√©tico por USB suministrado.
Con este vibrador no solamente puedes elegir entre combinaciones de intensidad de ondas de presi√≥n y vibraciones preestablecidas, sino que tambi√©n puedes crear tus propias obras gracias a un innovador control basado en una aplicaci√≥n. Simplemente tienes que descargar la aplicaci√≥n gratuita Satisfyer Connect en tu dispositivo Android o iOS y conectar tu smartphone, tableta o Apple Watch a trav√©s de Bluetooth y opcionalmente por Internet a tu proveedor de placer.
Crea tus propias vibraciones y comp√°rtelas con otros usuarios de todo el mundo. Experimenta la vibraci√≥n al ritmo de tu lista de reproducci√≥n favorita de Spotify directamente en tu Satisfyer Love Triangle; tu creatividad no tiene l√≠mites gracias a esta aplicaci√≥n de control remoto. Tambi√©n puedes permitir a tu pareja que tome el control o controlar el Satisfyer de otros usuarios a trav√©s de videochat. Vive aventuras inesperadas y avent√∫rate en los mundos digitales completamente nuevos de la aplicaci√≥n Satisfyer Connect. Evidentemente, la aplicaci√≥n cumple con el RGPD y con todas las normas de protecci√≥n de datos alemanas y europeas. De esta manera puedes relajarte completamente y llevar tu vida sexual a un nuevo nivel. ¬øA qu√© esperas? Unas horas de placer apasionante te esperan.
";data/imagenes_productos\Love_Triangle_White_001777SF_72dpi_1-500x500.png;https://eurovisex.com/categoria-producto/womens/page/1/
Succionador cl√≠toris Satisfyer Pro Deluxe Next Generation;49,95;"‚Ç¨49,95
Sin existencias
Sus 11 extravagantes niveles convierten a este vibrador en una aut√©ntica maravilla, ofreci√©ndote una estimulaci√≥n del cl√≠toris m√°s suave o m√°s en√©rgica, seg√∫n te apetezca, gracias a sus fascinantes ondas de presi√≥n. El bot√≥n de dise√±o optimizado te permite ir aumentando y reduciendo la intensidad, facilit√°ndote as√≠ el m√°ximo placer individual. Adem√°s, la luz del panel de mando del Deluxe ya no es tan intensa y, por tanto, es m√°s agradable.
Su acabado¬†resistente al agua¬†impide que entren l√≠quidos en su interior.";data/imagenes_productos\Satisfyer-Pro-Deluxe-Next-Generation.jpg;https://eurovisex.com/categoria-producto/womens/page/1/
Succionador de clitoris Satisfyer 1+ Pro Plus;69,95;"‚Ç¨69,95
¬øDisfrutas de las ondas de presi√≥n de tu Satisfyer pero echas de menos las vibraciones sensuales de un cl√°sico vibrador? El nuevo Satisfyer Pro Plus combina las ondas de presi√≥n con vibraciones, ¬°d√°ndote una experiencia de placer incomparable!
El dise√±o de este Satisfyer se parece un poco a un boomerang australiano: una vez en tu mano, siempre volver√° a ti. Fabricado completamente de silicona suave como la seda, este pr√°ctico dispensador de placer presenta una estimulaci√≥n de onda de presi√≥n del cl√≠toris cl√°sica y libre de contacto, as√≠ como una tentadora funci√≥n de vibrador. El accesorio de silicona es suave de modo que las ondas de presi√≥n te conducen al √©xtasis puro, mientras que las vibraciones te proporcionan una estimulaci√≥n adicional.
Al igual que todos los productos de la familia Satisfyer, Pro Plus Vibration ofrece 11 configuraciones de intensidad. La funci√≥n de vibraci√≥n asegura un placer adicional: el motor silencioso pero potente hace que la cabeza vibre tentadoramente, masaje√°ndote con una selecci√≥n de 10 configuraciones de vibraci√≥n variadas. Las ondas de presi√≥n y las vibraciones se pueden controlar por separado, proporcion√°ndote una amplia experiencia de placer. El acabado resistente al agua significa que es tambi√©n el compa√±ero ideal para ba√±arse.
Las ondas de presi√≥n se activan con el bot√≥n de encendido / apagado, y se pueden ajustar hacia arriba y hacia abajo usando los botones +/- de acuerdo con tu estado de √°nimo. La vibraci√≥n es controlada por otro bot√≥n, lo que significa que siempre puede disfrutar de las dos funciones por separado. Gracias a su bater√≠a recargable integrada, la Vibraci√≥n Satisfyer Pro Plus se puede cargar f√°cilmente con el cable USB magn√©tico suministrado.
La cabeza de silicona es respetuosa con la piel y tiene una forma ergon√≥mica. El cabezal tambi√©n es intercambiable para facilitar la limpieza. Para la mejor experiencia de placer, recomendamos usar un lubricante a base de agua. El cable de carga USB magn√©tico (incluido) tambi√©n se puede complementar con un enchufe est√°ndar de 5 V si es necesario.
Caracter√≠sticas:
11 intensidades
10 configuraciones de vibraci√≥n
Controles intuitivos
Impermeable
Recargable por USB magn√©tico (incluido)
Sin existencias";data/imagenes_productos\satisfyer-succionador-de-clitoris-pro-plus-vibration-500x500.jpg;https://eurovisex.com/categoria-producto/womens/page/1/
Succionador de clitoris Satisfyer High Fashion Aluminio Zaragoza;149,95;"‚Ç¨149,95 El precio original era: ‚Ç¨149,95.‚Ç¨99,95El precio actual es: ‚Ç¨99,95.
Disponibilidad:
3 disponibles
El lujoso Satisfyer High Fashion Zaragoza es el no va m√°s del cuidado sexual de la alta costura: con un dise√±o de aluminio cepillado de corte √∫nico, esta feroz arma de placer elevar√° tu experiencia org√°smica y llevar√° tu cuerpo a su cl√≠max m√°s potente.

¬øEstimulaci√≥n por ondas de presi√≥n y dise√±o de lujo? ¬°Satisfyer High Fashion puede lograr las dos cosas! El vibrador de ondas de presi√≥n de alta calidad hecho de aluminio pulido a mano seduce con su aspecto elegante y minimalista y acaricia el cl√≠toris con una combinaci√≥n sensual de ondas de presi√≥n pulsantes y una potente vibraci√≥n. El cabezal de aplicaci√≥n redondo hecho de silicona l√≠quida extra suave envuelve perfectamente tu perla de placer y te seduce con una sensaci√≥n de suavidad cari√±osa. Al mismo tiempo, el cuerpo ergon√≥mico de High Fashion se adapta perfectamente a la mano.
El Satisfyer High Fashion perteneciente a la colecci√≥n de lujo se puede controlar f√°cilmente a trav√©s del panel de control intuitivo, de modo es posible regular y combinar las 11 intensidades de onda de presi√≥n y los 10 programas de vibraci√≥n de forma independiente. Gracias a las numerosas combinaciones posibles, siempre encontrar√°s el programa id√≥neo para tus necesidades. El vibrador de ondas de presi√≥n tambi√©n te puede acompa√±ar bajo la ducha o en la ba√±era al tener un acabado impermeable (IPX7). En caso de que el High Fashion se quede sin aliento, sus bater√≠as integradas se pueden recargar mediante el cable de carga USB incluido.";data/imagenes_productos\luxury-high-fashion_1_g.jpeg;https://eurovisex.com/categoria-producto/womens/page/1/
Vibrador estimulador Kali;39,50;"‚Ç¨39,50
Sin existencias
Este vibrador tiene un dise√±o curvo para estimular f√°cilmente el punto G femenino.
Tiene una peque√±a curva inferior que permite masajear suavemente el cl√≠toris mientras masajea el punto G.
Caracter√≠sticas:";data/imagenes_productos\vibrador-kali.jpg;https://eurovisex.com/categoria-producto/womens/page/1/
Vibrador estimulador Mister Rabbit Satisfyer;59,95;"‚Ç¨59,95
Disponibilidad:
1 disponibles
En el pr√°ctico anillo de sujeci√≥n con panel de mando encontrar√°s de manera intuitiva las vibraciones que m√°s te gustan simplemente pulsando un bot√≥n, mientras sujetas con firmeza este simp√°tico conejillo incluso en los momentos m√°s h√∫medos e intensos. Los 12 programas de vibraci√≥n, especialmente potentes, se componen de 6 intensidades y 6 ritmos celestiales. Los 2 motores distribuyen las vibraciones por todo el tallo y el estimulador del cl√≠toris, por lo que proporciona una intensa estimulaci√≥n por todo tu cuerpo.
El acabado impermeable (IPX7) del Mr. Rabbit te invita tambi√©n a disfrutar de momentos de placer en la ducha o la ba√±era.";data/imagenes_productos\satisfyer-vibes_mister_rabbit-500x500.png;https://eurovisex.com/categoria-producto/womens/page/1/
vibrador para tanga/braga control remoto rosa;49,95;"‚Ç¨49,95
üëÑERGONOM√çA Y SILICONA SEGURA: el vibrador port√°til tiene un dise√±o ergon√≥mico. Su forma suave y aerodin√°mica se adapta perfectamente a su √°rea √≠ntima. ¬°La silicona segura para el cuerpo hace que el tacto sea m√°s c√≥modo y seguro!
üëÑCONTROL REMOTO Y 9 MODOS DE VIBRACI√ìN: debido al sistema de potencia mejorado, tiene a su disposici√≥n varias vibraciones que estimulan su cl√≠toris para lograr un orgasmo fant√°stico. Y la combinaci√≥n del control remoto y portabilidad no limita su orgasmo a la habitaci√≥n.
üëÑSILENCIOSO: este estimulador de cl√≠toris con mando a distancia puede ocultarse en su braga y con decibelios menor que 40 dB. ¬øQuiere desarrollar m√°s posibilidad de la vida sexual? El vibrador del cl√≠toris de Love Charm es un juguete perfecto para experimentar la emocionante aventura en la oficina u otros lugares p√∫blicos.
üëÑEMBALAJE DISCRETO Y SERVICIO SATISFACTORIO: prometemos mantener en secreto la informaci√≥n de nuestros clientes y empacarla discretamente para garantizar la protecci√≥n de datos. Adem√°s, si tiene cualquier problema, favor no dude en contactarnos. 100% IMPERMEABLE: puede disfrutar de la libertad utilizando el vibrador port√°til en la ba√±era, la ducha y el hidromasaje. La silicona de alta calidad hecha se puede usar con confianza.
Sin existencias";data/imagenes_productos\braga1.jpg;https://eurovisex.com/categoria-producto/womens/page/1/
Vibrador s√≥nico Focus JimmyJane;129,95;"‚Ç¨129,95
Disponibilidad:
2 disponibles
El vibrador Focus te permite controlar tu orgasmo con poderosas vibraciones de pulsos de alta frecuencia. Gracias a sus 31.000 vibraciones por minuto podr√°s alcanzar la cima de tu excitaci√≥n sexual.
Cuenta con 3 accesorios de silicona de grado m√©dico intercambiables.";data/imagenes_productos\sonic-1-500x646.jpg;https://eurovisex.com/categoria-producto/womens/page/1/
ANILLO VIBRADOR PAREJAS SIVARY;23,00;"‚Ç¨23,00
Disponibilidad:
3 disponibles
Fund√≠os de placer con este anillo vibrador para el pene que incluye un vibrador para estimular el cl√≠toris al mismo tiempo. Posee dos orejas y peque√±as protuberancias para que la estimulaci√≥n durante la relaci√≥n sea totalmente satisfactoria.
Libre de ftalatos y respetuoso con la piel, √©ste anillo es tambi√©n resistente al agua y ultra silencioso. Pilas incluidas.
Material: Silicona y ABS
G√©nero: Unisex
Longitud total: 8 cm
Bater√≠a: 2 pilas AG3 incluidas";data/imagenes_productos\818xShLpbCL._AC_SX679_-500x617.jpg;https://eurovisex.com/categoria-producto/parejas/page/1/
Arn√©s doble pene Jelly Seven Creations;55,00;"‚Ç¨55,00
Disponibilidad:
4 disponibles
Arn√©s ajustable para ella con 2 dildos de distintos tama√±os.";data/imagenes_productos\Harnes-doble-pene.jpg;https://eurovisex.com/categoria-producto/parejas/page/1/
Arn√©s Ultra Harness;59,50;"‚Ç¨59,50
Sin existencias
Es de¬† talla √∫nica y se adapta perfectamente; dispone de bandas el√°sticas c√≥modas de usar y perfectas para la penetraci√≥n.
Incorpora una bolsa practica para guardarlo despu√©s de su uso.
Sus principales caracter√≠sticas son;";data/imagenes_productos\ultra-arnes-Libayle.jpg;https://eurovisex.com/categoria-producto/parejas/page/1/
Crema de masaje besable fresas con champagne Shunga;21,50;"‚Ç¨21,50
Disponibilidad:
2 disponibles
Acaricie a su pareja con la crema de masaje, ac√©rquese y sienta la piel de su amante junto a la suya.
Tome su tiempo para acariciar y tocar, sienta la tensi√≥n sexual crecer.
Lleve el erotismo a su l√≠mite antes de‚Ä¶
Con un seductor sabor de fresas con champagne.
Se presenta en envase de 200 ml.";data/imagenes_productos\crema-fresa-champagne-Shunga.jpg;https://eurovisex.com/categoria-producto/parejas/page/1/
Crema estimulante Drag√≥n Shunga;30,00;"‚Ç¨30,00
Disponibilidad:
4 disponibles
Es ideal para aumentar el placer y la satisfacci√≥n de ambos.¬† Potencia la erecci√≥n de √©l y aumenta el placer de ella.¬† Una crema estimulante de alta calidad que mejora las relaciones de pareja.
Se presenta en envase de 60 ml.";data/imagenes_productos\Dragon-Shunga.jpg;https://eurovisex.com/categoria-producto/parejas/page/1/
Estuche fresas con champagne Shunga;39,95;"‚Ç¨39,95
Disponibilidad:
2 disponibles
Este fabuloso estuche incluye 5 productos: aceite er√≥tico masaje 10 ml, aceite afrodisiaco efecto calor 10 ml, vela masaje romance 30 ml , lubricante base de agua 10 ml Gel intensificador orgasmos Drag√≥n¬† 7 ml. El ¬†perfecto kit de viaje o¬† para hacer un regalo, y tambi√©n una buena forma de probar algunos productos de Shunga.";data/imagenes_productos\kit-saprkling-shunga.jpg;https://eurovisex.com/categoria-producto/parejas/page/1/
Juego er√≥tico Fantasy Play;69,50;"‚Ç¨69,50
Disponibilidad:
1 disponibles
Juego er√≥tico que nos ayudar√° a descubrir cual es la fantas√≠a sexual de nuestra pareja.
En las ¬´tarjetas fantas√≠a¬ª cada uno escribir√° su fantas√≠a sexual y la esconder√° sin que le vea el otro entre las dem√°s tarjetas tem√°ticas. El tablero consta de 9 habitaciones con una tem√°tica diferente cada una: sado, anal, voyeur‚Ä¶ Los jugadores se ir√°n moviendo por las casillas del tablero contestando preguntas y realizando pruebas, consiguiendo de esta manera cr√©ditos que pueden canjear por bebida o prendas.¬†Gana el que antes encuentre la fantas√≠a sexual de su pareja, y como premio har√° realidad la fantas√≠a sexual de su pareja.
Contiene:";data/imagenes_productos\juego-fantasy-play.jpg;https://eurovisex.com/categoria-producto/parejas/page/1/
Juego er√≥tico Passion Play;59,50;"‚Ç¨59,50
Sin existencias
Juego de pareja para subir la temperatura corporal en segundos.¬†Se juega sobre un tablero con 4 fases diferentes divididas por colores, cada una con sus respectivas casillas y tarjetas.
Los jugadores ir√°n avanzando por el tablero, realizando las¬†diferentes ¬´tarjetas prueba¬ª¬†para √©l o ella. Finalmente, se llega a las casillas de posturas, que se realizar√°n cronometrando con el reloj de arena.¬†Pierde quien quiera continuar m√°s tiempo del que marque el reloj o llegue antes al orgasmo.";data/imagenes_productos\juego-passion-play.jpg;https://eurovisex.com/categoria-producto/parejas/page/1/
Set E10 Essentials Virgite;39,50;"‚Ç¨39,50
Sin existencias
Disfruta de una velada entretenida en compa√±√≠a de tu pareja con todo lo que contiene este set:";data/imagenes_productos\Kitessentail-500x500.jpg;https://eurovisex.com/categoria-producto/parejas/page/1/
Succionador de clitoris Satisfyer High Fashion Aluminio Zaragoza;149,95;"‚Ç¨149,95 El precio original era: ‚Ç¨149,95.‚Ç¨99,95El precio actual es: ‚Ç¨99,95.
Disponibilidad:
3 disponibles
El lujoso Satisfyer High Fashion Zaragoza es el no va m√°s del cuidado sexual de la alta costura: con un dise√±o de aluminio cepillado de corte √∫nico, esta feroz arma de placer elevar√° tu experiencia org√°smica y llevar√° tu cuerpo a su cl√≠max m√°s potente.

¬øEstimulaci√≥n por ondas de presi√≥n y dise√±o de lujo? ¬°Satisfyer High Fashion puede lograr las dos cosas! El vibrador de ondas de presi√≥n de alta calidad hecho de aluminio pulido a mano seduce con su aspecto elegante y minimalista y acaricia el cl√≠toris con una combinaci√≥n sensual de ondas de presi√≥n pulsantes y una potente vibraci√≥n. El cabezal de aplicaci√≥n redondo hecho de silicona l√≠quida extra suave envuelve perfectamente tu perla de placer y te seduce con una sensaci√≥n de suavidad cari√±osa. Al mismo tiempo, el cuerpo ergon√≥mico de High Fashion se adapta perfectamente a la mano.
El Satisfyer High Fashion perteneciente a la colecci√≥n de lujo se puede controlar f√°cilmente a trav√©s del panel de control intuitivo, de modo es posible regular y combinar las 11 intensidades de onda de presi√≥n y los 10 programas de vibraci√≥n de forma independiente. Gracias a las numerosas combinaciones posibles, siempre encontrar√°s el programa id√≥neo para tus necesidades. El vibrador de ondas de presi√≥n tambi√©n te puede acompa√±ar bajo la ducha o en la ba√±era al tener un acabado impermeable (IPX7). En caso de que el High Fashion se quede sin aliento, sus bater√≠as integradas se pueden recargar mediante el cable de carga USB incluido.";data/imagenes_productos\luxury-high-fashion_1_g.jpeg;https://eurovisex.com/categoria-producto/parejas/page/1/
Vibrador de pareja Partner Plus Remote;49,95;"‚Ç¨49,95
Disponibilidad:
3 disponibles
Es un perfecto complemento para vuestras relaciones amorosas a d√∫o. Ergon√≥micamente dise√±ado para estimular el punto G y el cl√≠toris a la vez, pero por supuesto con espacio para disfrutar de la penetraci√≥n al mismo tiempo.
Flexible en estructura y suave al tacto, es de f√°cil manejo: un bot√≥n de encendido con 10 diferentes programas de vibraci√≥n, para que selecciones el que m√°s te guste. Para desactivar el juguete, no tienes m√°s que mantener el bot√≥n pulsado.
Dos motores, uno en la parte superior y otro en la parte inferior, intensificar√°n el placer el doble.
Es recargable y sumegible para facilitar su limpieza.";data/imagenes_productos\Partner-Plus-Remote.jpg;https://eurovisex.com/categoria-producto/parejas/page/1/
Vibrador de pareja Partner Toy Plus;19,95;"‚Ç¨19,95
Disponibilidad:
1 disponibles
Su estimulaci√≥n simult√°nea la pod√©is disfrutar en cualquier sitio donde os entren ganas: al ser resistente al agua, el Double Plus har√° que vuestro ba√±o caliente juntos sea a√∫n m√°s caliente. Tambi√©n es muy pr√°ctica la bater√≠a integrada: El Double Plus se puede cargar f√°cilmente con el cargador por USB incluido, y as√≠ a√±adir un poco de picante a vuestra vida sexual siempre que os apetezca.
El¬†Double Plus os ofrece a ti y a tu pareja una estimulaci√≥n m√°s intensa durante el acto sexual. El Double Plus¬†Toy tiene forma de U: un lado se coloca sobre el cl√≠toris, y el otro se introduce en la vagina durante el acto sexual. Cada lado est√° equipado con su propio motor de gran potencia, de manera que no solo tu botoncito se beneficia de las intensas vibraciones, sino que tambi√©n se estimula simult√°neamente tu punto G y el pene de tu pareja. El bot√≥n os permite seleccionar entre tres intensidades y siete ritmos de vibraci√≥n que os llevar√°n a alcanzar juntos el cl√≠max.";data/imagenes_productos\Partner-Toy-Plus-1.jpg;https://eurovisex.com/categoria-producto/parejas/page/1/
Vibrador de pareja Satisfyer Pro 4 Couples;59,95;"‚Ç¨59,95
Disponibilidad:
2 disponibles
La parte alargada se introduce en la vagina y vibra con 10 potentes programas que masajean sensualmente durante el coito tanto el pene como la vagina. Al mismo tiempo, ella podr√° disfrutar de la estimulante presi√≥n sobre su punto G. La parte externa del vibrador en U estimula el cl√≠toris con ondas de presi√≥n efectivas que recuerdan al sexo oral. El estimulante cambio entre presi√≥n y succi√≥n en 11 intensidades genera una sensaci√≥n de placer inolvidable.
Con el mando de manejo intuitivo pod√©is controlar la vibraci√≥n y las ondas de presi√≥n por separado, con innumerables combinaciones. El Pro 4 Couples es silencioso. El acabado impermeable lo convierte, adem√°s en un compa√±ero perfecto bajo el agua, para que disfrut√©is con √©l en la ducha o en la ba√±era.";data/imagenes_productos\Satisfyer-pro-4-couples-1.jpg;https://eurovisex.com/categoria-producto/parejas/page/1/
Vibrador l√≠quido Strong Stimulator;17,50;"‚Ç¨17,50
Disponibilidad:
5 disponibles
Es un gel √≠ntimo unisex, que produce sensaciones estimulantes muy intensas debido a las fuertes ondas de vibraci√≥n. Permite un mayor placer para ambos en las relaciones sexuales y una sensaci√≥n √∫nica.
Se presenta en envase de 15 ml.";data/imagenes_productos\Vibrador-liquido-strong.jpg;https://eurovisex.com/categoria-producto/parejas/page/1/
vibrador para tanga/braga control remoto rosa;49,95;"‚Ç¨49,95
üëÑERGONOM√çA Y SILICONA SEGURA: el vibrador port√°til tiene un dise√±o ergon√≥mico. Su forma suave y aerodin√°mica se adapta perfectamente a su √°rea √≠ntima. ¬°La silicona segura para el cuerpo hace que el tacto sea m√°s c√≥modo y seguro!
üëÑCONTROL REMOTO Y 9 MODOS DE VIBRACI√ìN: debido al sistema de potencia mejorado, tiene a su disposici√≥n varias vibraciones que estimulan su cl√≠toris para lograr un orgasmo fant√°stico. Y la combinaci√≥n del control remoto y portabilidad no limita su orgasmo a la habitaci√≥n.
üëÑSILENCIOSO: este estimulador de cl√≠toris con mando a distancia puede ocultarse en su braga y con decibelios menor que 40 dB. ¬øQuiere desarrollar m√°s posibilidad de la vida sexual? El vibrador del cl√≠toris de Love Charm es un juguete perfecto para experimentar la emocionante aventura en la oficina u otros lugares p√∫blicos.
üëÑEMBALAJE DISCRETO Y SERVICIO SATISFACTORIO: prometemos mantener en secreto la informaci√≥n de nuestros clientes y empacarla discretamente para garantizar la protecci√≥n de datos. Adem√°s, si tiene cualquier problema, favor no dude en contactarnos. 100% IMPERMEABLE: puede disfrutar de la libertad utilizando el vibrador port√°til en la ba√±era, la ducha y el hidromasaje. La silicona de alta calidad hecha se puede usar con confianza.
Sin existencias";data/imagenes_productos\braga1.jpg;https://eurovisex.com/categoria-producto/parejas/page/1/
Crema de masaje besable fresas con champagne Shunga;21,50;"‚Ç¨21,50
Disponibilidad:
2 disponibles
Acaricie a su pareja con la crema de masaje, ac√©rquese y sienta la piel de su amante junto a la suya.
Tome su tiempo para acariciar y tocar, sienta la tensi√≥n sexual crecer.
Lleve el erotismo a su l√≠mite antes de‚Ä¶
Con un seductor sabor de fresas con champagne.
Se presenta en envase de 200 ml.";data/imagenes_productos\crema-fresa-champagne-Shunga.jpg;https://eurovisex.com/categoria-producto/cremas-lubricantes/page/1/
Crema estimulante Drag√≥n Shunga;30,00;"‚Ç¨30,00
Disponibilidad:
4 disponibles
Es ideal para aumentar el placer y la satisfacci√≥n de ambos.¬† Potencia la erecci√≥n de √©l y aumenta el placer de ella.¬† Una crema estimulante de alta calidad que mejora las relaciones de pareja.
Se presenta en envase de 60 ml.";data/imagenes_productos\Dragon-Shunga.jpg;https://eurovisex.com/categoria-producto/cremas-lubricantes/page/1/
Crema estimulante Jard√≠n Secreto Shunga;30,00;"‚Ç¨30,00
Disponibilidad:
6 disponibles
Crema que aumenta la sensibilidad de las zonas √≠ntimas de la mujer, proporcionando orgasmos m√°s intensos.";data/imagenes_productos\Jardin-Secreto-shunga.jpg;https://eurovisex.com/categoria-producto/cremas-lubricantes/page/1/
Estuche fresas con champagne Shunga;39,95;"‚Ç¨39,95
Disponibilidad:
2 disponibles
Este fabuloso estuche incluye 5 productos: aceite er√≥tico masaje 10 ml, aceite afrodisiaco efecto calor 10 ml, vela masaje romance 30 ml , lubricante base de agua 10 ml Gel intensificador orgasmos Drag√≥n¬† 7 ml. El ¬†perfecto kit de viaje o¬† para hacer un regalo, y tambi√©n una buena forma de probar algunos productos de Shunga.";data/imagenes_productos\kit-saprkling-shunga.jpg;https://eurovisex.com/categoria-producto/cremas-lubricantes/page/1/
Limpiador de juguetes Toy Joy;5,00;"‚Ç¨5,00
Sin existencias
Es un desinfectante antibacteriano sin alcohol, especialmente apropiado para la limpieza y el mantenimiento de aparatos de masaje y juguetes er√≥ticos (masturbadores, vaginas, consoladores, vibradores, etc). Desinfecta e higieniza todos tus juguetes para tenerlos como el primer d√≠a.
Se presenta en envase de 150 ml.";data/imagenes_productos\Limpiador-juguetes-Toy-Joy.jpg;https://eurovisex.com/categoria-producto/cremas-lubricantes/page/1/
Lubricante anal Aquaglide;19,95;"‚Ç¨19,95
Disponibilidad:
2 disponibles
Este gel lubricante medicinal de alt√≠sima calidad con excelentes propiedades deslizantes de larga duraci√≥n est√° pensado especialmente para la zona anal, id√≥neo tambi√©n para el uso de juguetes er√≥ticos. Especialmente respetuoso con la piel (compatibilidad dermatol√≥gica y cl√≠nicamente testada), 100% compatible con preservativos, de pH √≥ptimo, soluble en agua y libre de grasas.No mancha y es f√°cil de eliminar.
Se presenta en envase de 100 ml.";data/imagenes_productos\lubricante-anal-aquaglide.jpg;https://eurovisex.com/categoria-producto/cremas-lubricantes/page/1/
Lubricante anal biol√≥gico Bioglide;19,95;"‚Ç¨19,95
Sin existencias
Es un gel lubricante medicinal de alta calidad con excelentes propiedades de deslizamiento, pensado especialmente para la zona anal, tambi√©n en combinaci√≥n con juguetes er√≥ticos.
Especialmente respetuoso con la piel (compatibilidad dermatol√≥gica y cl√≠nicamente testada), 100% compatible con preservativos, de pH √≥ptimo, soluble en agua y libre de grasas.
No mancha y es f√°cil de eliminar.
BIOglide cumple con las m√°s estrictas exigencias en cuanto a las normas de calidad y se destaca por su alto grado de tolerancia dermatol√≥gica, que permite el uso sin limitaci√≥n de tiempo.
Se presenta en envase de 80 ml.";data/imagenes_productos\bioglide_anal.jpg;https://eurovisex.com/categoria-producto/cremas-lubricantes/page/1/
Lubricante anal silicona Analyse me! Pjur;25,00;"‚Ç¨25,00
Disponibilidad:
2 disponibles
Es un lubricante de base silicona especialmente desarrollado para el sexo anal
Con extractos de Jojoba que proporcionan relajaci√≥n y una nueva formulaci√≥n a base de silicona para una lubricidad especialmente prolongada.
Sus principales cualidades son:
Un gel muy √∫til para realzar el placer de la penetraci√≥n anal, y una ayuda muy √∫til para los primerizos en este modalidad de penetraci√≥n.
Ingredientes: Dimethicone, Dimethiconol, Simmondsia Chinensis (Jojoba), Seed oil, Balsamiferam Bark Oil.
Se presenta en envase de 100 ml.";data/imagenes_productos\pjur-anal-silicona.jpg;https://eurovisex.com/categoria-producto/cremas-lubricantes/page/1/
Lubricante cereza Aquaglide;19,95;"‚Ç¨19,95
Sin existencias
Gel lubricante medicinal con excelentes propiedades deslizantes de larga duraci√≥n, id√≥neo tambi√©n para el uso de juguetes er√≥ticos.
Especialmente respetuoso con la piel (compatibilidad dermatol√≥gica y cl√≠nicamente testada), 100% compatible con preservativos, de pH √≥ptimo, soluble en agua y libre de grasas.
Aroma y sabor a Cereza. No mancha y es f√°cil de eliminar.
Composici√≥n: Agua, Glicerina, Hidroxietil Celulosa, Metil-paraben y Imidazolidinil Urea.
Se presenta en envase de 100 ml.";data/imagenes_productos\cereza-aquaglide.jpg;https://eurovisex.com/categoria-producto/cremas-lubricantes/page/1/
Lubricante cereza Toko;19,95;"‚Ç¨19,95
Disponibilidad:
6 disponibles
Lubricante √≠ntimo con aroma de cereza. Es de base acuosa, por lo que no deja residuos.
Su textura sedosa hace que las relaciones sean mucho m√°s placenteras, pudiendo utilizarse con todo tipo de juguetes sexuales.
Se presenta en envase de 165 ml.";data/imagenes_productos\cereza-toko.jpg;https://eurovisex.com/categoria-producto/cremas-lubricantes/page/1/
Lubricante ex√≥tico Aquaglide;19,95;"‚Ç¨19,95
Sin existencias
Lubricante medicinal con excelentes propiedades deslizantes de larga duraci√≥n, id√≥neo tambi√©n para el uso de juguetes er√≥ticos.
Composici√≥n: Agua, Glicerina, Hidroxietil Celulosa, Metil-paraben y Imidazolidinil Urea.
Se presenta en envase de 100 ml.";data/imagenes_productos\aquaglide-exotico.jpg;https://eurovisex.com/categoria-producto/cremas-lubricantes/page/1/
Lubricante frambuesa Aquaglide;19,95;"‚Ç¨19,95
Sin existencias
Gel lubricante medicinal con excelentes propiedades deslizantes de larga duraci√≥n, id√≥neo tambi√©n para el uso de juguetes er√≥ticos. Respetuoso con la piel, compatible con preservativos, de pH √≥ptimo, soluble en agua y libre de grasas. Aroma a frambuesa y sabor a frambuesa. No mancha y es f√°cil de eliminar
Composici√≥n: Agua, Glicerina, Hidroxietil Celulosa, Metil-paraben y Imidazolidinil Urea.
Se presenta en envase de 100 ml.";data/imagenes_productos\frambuesa-aqualide.jpg;https://eurovisex.com/categoria-producto/cremas-lubricantes/page/1/
Lubricante fresa Aquaglide;19,95;"‚Ç¨19,95
Sin existencias
Gel lubricante con f√≥rmula transparente y confortable que adem√°s cuida la piel. Mejora el deslizamiento en las relaciones √≠ntimas.
Puede utilizarse para uso anal, vaginal y oral.
Es compatible con el uso de preservativos y juguetes er√≥ticos incluso de silicona.
Se presenta en envase de 100 ml.";data/imagenes_productos\aquaglide-fresa.jpg;https://eurovisex.com/categoria-producto/cremas-lubricantes/page/1/
Lubricante fresas con champagne Toko;19,95;"‚Ç¨19,95
Disponibilidad:
1 disponibles
Lubricante √≠ntimo con aroma de fresas con champagne. Es de base acuosa, por lo que no deja residuos.
Su textura sedosa hace que las relaciones sean mucho m√°s placenteras, pudiendo utilizarse con todo tipo de juguetes sexuales.
Se presenta en envase de 165 ml.";data/imagenes_productos\Fresa-champagne-Toko.jpg;https://eurovisex.com/categoria-producto/cremas-lubricantes/page/1/
Lubricante frutas ex√≥ticas Toko;19,95;"‚Ç¨19,95
Disponibilidad:
4 disponibles
Lubricante √≠ntimo con aroma de frutas frescas. Es de base acuosa, por lo que no deja residuos.
Su textura sedosa hace que las relaciones sean mucho m√°s placenteras, pudiendo utilizarse con todo tipo de juguetes sexuales.
Se presenta en envase de 165 ml.";data/imagenes_productos\frutas-ex√≥ticas-toko.jpg;https://eurovisex.com/categoria-producto/cremas-lubricantes/page/1/
Lubricante galleta Inlube;15,00;"‚Ç¨15,00
Disponibilidad:
3 disponibles
De base agua y textura gel, proporciona un mayor deslizamiento en las relaciones de pareja. Su tacto sedoso y la f√≥rmula exclusiva ¬´long lasting effect¬ª¬†de los geles¬†Inlube te sorprender√° por su larga duraci√≥n.
Con Aloe Vera , de efecto suavizante y calmante para mayor cuidado de tus zonas √≠ntimas, y aromas ¬†intensos y sugerentes que no dejan regusto.";data/imagenes_productos\Galleta-Nuei.jpg;https://eurovisex.com/categoria-producto/cremas-lubricantes/page/1/
Lubricante K-Y;11,00;"‚Ç¨11,00
Disponibilidad:
3 disponibles
Lubricante est√©ril, no graso, transparente, soluble en agua y no irritante.
Est√° indicado para conseguir una lubricaci√≥n vaginal complementaria y facilitar las relaciones sexuales.
Totalmente inocuo. No mancha. F√°cil de eliminar. No irrita la piel ni mucosas.
Se presenta en tubo de 82 gr.";data/imagenes_productos\ky-80-gr.jpg;https://eurovisex.com/categoria-producto/cremas-lubricantes/page/1/
Lubricante Lubrifist;29,50;"‚Ç¨29,50
Disponibilidad:
2 disponibles
Lubricante con un extra de hidrataci√≥n ideal para evitar rozaduras y penetraciones dolorosas. Sin efecto graso, no mancha y f√°cil de usar y dosificar. Facilita la dilataci√≥n del ano de manera progresiva.Recuerda que el ano no lubrica de manera natural, y que un lubricante de base agua es imprescindible para tus relaciones sexuales con penetraci√≥n anal.
Lubrifist es un lubricante de gran calidad, estudiado para mejorar todo lo posible las penetraciones anales primerizas y las fuertes dilataciones, y sometidos a test dermatol√≥gicos. Es incoloro, inodoro e ins√≠pido, adem√°s no contiene grasas ni aceites por lo que no da√±a el l√°tex de los condones. Se presenta en textura gel que es m√°s denso que el de silicona y hace que su textura sea m√°s espesa y la absorci√≥n por la piel sea m√°s lenta, aumentado la duraci√≥n de la lubricaci√≥n. Pero ya sabes que siempre se secar√° antes un lubricante de agua que uno de silicona que no es absorbido por la piel. Pero puedes usarlo todas las veces que lo necesites y en la cantidad requerida.
Es el lubricante indicado para todas aquellas personas que sienten curiosidad por el sexo anal pero que tienen ese miedo l√≥gico al dolor, al malestar, a no poder hacerlo‚Ä¶ Pues con Lubrifist os asegura una dilataci√≥n anal sin dolor que os permita disfrutar de la experiencia porque tiene propiedades desinflamatorias y analg√©sicas que os permitir√°n disfrutar sin l√≠mites.
Se presenta en envase de 200 ml.";data/imagenes_productos\lubrifist.jpg;https://eurovisex.com/categoria-producto/cremas-lubricantes/page/1/
Lubricante mel√≥n Toko;19,95;"‚Ç¨19,95
Disponibilidad:
4 disponibles
Lubricante √≠ntimo con aroma de mel√≥n y mango. Es de base acuosa, por lo que no deja residuos.
Su textura sedosa hace que las relaciones sean mucho m√°s placenteras, pudiendo utilizarse con todo tipo de juguetes sexuales.
Se presenta en envase de 165 ml.";data/imagenes_productos\melon-toko.jpg;https://eurovisex.com/categoria-producto/cremas-lubricantes/page/1/
Lubricante My glide Pjur;21,50;"‚Ç¨21,50
Disponibilidad:
1 disponibles
Es un lubricante a base de agua, que produce un agradable efecto de calor e incrementa la sensaci√≥n de placer personal.
Sus principales cualidades son:
Potencia la senbilidad y es estimulante
Efecto Calor
El Ginseng proporciona un estimulante efecto er√≥tico e intensifica la sensaci√≥n durante el acto sexual.
Ingredientes: Glycerin, Aqua, Hydroxypropyl, Panax Ginseng, etc.
Se presenta en envase de 100 ml.";data/imagenes_productos\pjur-myglide.jpg;https://eurovisex.com/categoria-producto/cremas-lubricantes/page/1/
Lubricante nube Inlube;15,00;"‚Ç¨15,00
Disponibilidad:
4 disponibles
Es a base de agua y con una textura de gel, con tacto sedoso. Gracias a su f√≥rmula ‚Äúlong lasting effect‚Äù te sorprender√° por su larga duraci√≥n.
Cuenta con aloe vera que act√∫a como suavizante y calmante para el cuidado de la mayor√≠a de zonas intimas y con unos aromas intensos y sugerentes¬† a nube.
No contiene par√°benos, az√∫cares, gluten y es 100% vegano.No se debe aplicar en pieles da√±adas o irritadas. Mantener fuera del alcance de los ni√±os.
Ingredientes: aqua (water), glycerin, hydroxyethylcelulose, aroma, aloe barbadensis extract, sodium benzoate, potassium sorbate, sodium citrate, citric acid, sodium saccharine, disodium edta.
Se presenta en envase de 100 ml.";data/imagenes_productos\lubricante-nube-inlube.jpg;https://eurovisex.com/categoria-producto/cremas-lubricantes/page/1/
Lubricante org√°nico Toko Shunga;17,50;"‚Ç¨17,50
Disponibilidad:
2 disponibles
El lubricante TOKO Org√°nico est√° hecho a base de agua, con glicerina vegetal pura y un derivado natural del ma√≠z, ambos ingredientes con certificaci√≥n org√°nica.
Es apropiado para el uso con preservativo.
Se presenta en envase de 165 ml.";data/imagenes_productos\lubricante-toko-organico-shunga.jpg;https://eurovisex.com/categoria-producto/cremas-lubricantes/page/1/
Lubricante piruleta coraz√≥n Inlube;15,00;"‚Ç¨15,00
Disponibilidad:
3 disponibles
De base agua y textura gel, proporciona un mayor deslizamiento en las relaciones de pareja. Su tacto sedoso y la f√≥rmula exclusiva ¬´long lasting effect¬ª¬†de los geles¬†Inlube te sorprender√° por su larga duraci√≥n.
Con Aloe Vera , de efecto suavizante y calmante para mayor cuidado de tus zonas √≠ntimas, y aromas ¬†intensos y sugerentes que no dejan regusto.";data/imagenes_productos\Piruleta-coraz√≥n-Nuei.jpg;https://eurovisex.com/categoria-producto/cremas-lubricantes/page/1/
Lubricante silicona Pjur Original;21,00;"‚Ç¨21,00
Disponibilidad:
6 disponibles
Dise√±ado para la lubricaci√≥n √≥ptima, este lubricante de primera calidad es hipoalerg√©nico y perfecto para el uso diario. Sus ingredientes de alta calidad m√©dica y formula √∫nica lo convierten en el lubricante de silicona m√°s resbaladizo del mercado. Pjur se fabrica en Alemania con las m√°s avanzadas tecnolog√≠as.";data/imagenes_productos\pjur-original-silicona-100-ml.jpg;https://eurovisex.com/categoria-producto/cremas-lubricantes/page/1/
Lubricante silicona Toko Shunga;21,50;"‚Ç¨21,50
Disponibilidad:
4 disponibles
TOKO Silicona de Shunga es un lubricante revolucionario, que¬†destaca del resto por su exquisita textura suave y sedosa, en una f√≥rmula que entrega¬†lubricaci√≥n interminable.
Modo de uso:¬†vierte una peque√±a cantidad de lubricante en tu mano y apl√≠calo en la zona √≠ntima que desees, o sobre un cond√≥n de l√°tex para facilitar la penetraci√≥n. Toko Silicona tambi√©n se puede utilizar¬†bajo el agua, como loci√≥n para masajes en cualquier parte del cuerpo, y es ideal para sexo anal.
Caracter√≠sticas del producto:";data/imagenes_productos\lubricante-toko-silicona-shunga.jpg;https://eurovisex.com/categoria-producto/cremas-lubricantes/page/2/
Lubricante vainilla Aquaglide;19,95;"‚Ç¨19,95
Sin existencias
Lubricante de base acuosa, solubles en agua y no manchan ni pegan. Su f√≥rmula especial provee de una lubricaci√≥n de larga duraci√≥n natural sin irraitarte la piel y adem√°s pueden usarse con preservativos de l√°tex. Sin az√∫car y con aroma y sabor a vainilla.
Se presenta en envase de 100 ml.";data/imagenes_productos\aquaglide-vainilla.jpg;https://eurovisex.com/categoria-producto/cremas-lubricantes/page/2/
Lubricante Woman Pjur;25,00;"‚Ç¨25,00
Disponibilidad:
4 disponibles
Lubricante a base de silicona que ha sido dise√±ado especialmente para la piel suave y sensible de la mujer. Proporciona una¬† lubricaci√≥n extra de larga duraci√≥n: unas gotas son suficientes para cada uso.
Intensifica el placer, proporcionando una sensaci√≥n aterciopelada y suave en la piel; no obstruye los poros.
Sin substancias olorosas ni saporiferas. Sin aceite ni grasa, sin conservantes.
Tolerancia cut√°nea dermatol√≥gicamente probada.
Se presenta en envase de 100 ml.";data/imagenes_productos\pjur-woman.jpg;https://eurovisex.com/categoria-producto/cremas-lubricantes/page/2/
Vibrador l√≠quido Strong Stimulator;17,50;"‚Ç¨17,50
Disponibilidad:
5 disponibles
Es un gel √≠ntimo unisex, que produce sensaciones estimulantes muy intensas debido a las fuertes ondas de vibraci√≥n. Permite un mayor placer para ambos en las relaciones sexuales y una sensaci√≥n √∫nica.
Se presenta en envase de 15 ml.";data/imagenes_productos\Vibrador-liquido-strong.jpg;https://eurovisex.com/categoria-producto/cremas-lubricantes/page/2/
Preservatios Xtra Sensation Control;10,00;"‚Ç¨10,00
Sin existencias
Son unos preservativos especiales que dar√°n el control necesario para¬†lograr¬†un climax perfecto, gracias a su original dise√±o,¬†perfecta lubricaci√≥n¬†y a los¬†264 puntos¬†perfectamente ubicados, obtendr√°n un placer incre√≠ble en cada paso del coito.
Ancho nominal: 54 mm
Longitud total: 190 mm
Se presenta en caja de 12 unidades";data/imagenes_productos\control-xtra-sensation-500x500.jpg;https://eurovisex.com/categoria-producto/preservativos/page/1/
Preservativos Energy Control;10,00;"‚Ç¨10,00
Sin existencias
Preservativo anat√≥mico, estriado y con puntos, con efecto calor, lo que facilita la estimulaci√≥n de la pareja.
Anchura nominal: 53 mm.
Se presenta en caja de 12 unidades";data/imagenes_productos\ControlEnergy12.jpg;https://eurovisex.com/categoria-producto/preservativos/page/1/
Preservativos Finissimo XL Control;10,00;"‚Ç¨10,00
Disponibilidad:
2 disponibles
Preservativo pensado para quienes quieran la m√°xima sensibilidad y comodidad durante la relaci√≥n sexual: extra fino y con un ancho y una longitud superiores a los dem√°s modelos de la gama Control, para vivir el placer a lo grande.
Anchura nominal: 56 mm.
Se presenta en caja de 12 unidades";data/imagenes_productos\control-finissimo-xl.jpg;https://eurovisex.com/categoria-producto/preservativos/page/1/
Preservativos Forte Control;10,00;"‚Ç¨10,00
Disponibilidad:
2 disponibles
Estos preservativos tienen forma anat√≥mica y un mayor grosor, para vivir la relaci√≥n sexual con m√°s seguridad, sin renunciar a la sensibilidad.
Anchura nominal: 54 mm.
Disponible en cajas de 12 unidades";data/imagenes_productos\control-forte.jpg;https://eurovisex.com/categoria-producto/preservativos/page/1/
Preservativos Fussion Control;10,00;"‚Ç¨10,00
Disponibilidad:
4 disponibles
Cuando quieres dar un toque de imaginaci√≥n a tus momentos de placer, Fussion es la elecci√≥n ideal. Cada¬†estuche contiene preservativos de tres aromas distintos: chocolate, melocot√≥n y menta, ideales para darle una dosis extra a la relaci√≥n y despertar los sentidos, con colores y fragancias siempre nuevos.
Se presenta en caja de 12 unidades";data/imagenes_productos\control-fussion.jpg;https://eurovisex.com/categoria-producto/preservativos/page/1/
Preservativos Latex free Control;15,00;"‚Ç¨15,00
Disponibilidad:
1 disponibles
Preservativo indicado para usuarios al√©rgicos al l√°tex porque est√° fabricado en poliuretano. Su grosor ultrafino hace que aporten una √≥ptima sensibilidad.
Es liso, transparente, lubricado y de forma anat√≥mica con dep√≥sito.
Se presenta en caja de 5 unidades";data/imagenes_productos\control-latex-free.jpg;https://eurovisex.com/categoria-producto/preservativos/page/1/
Preservativos MY.SIZE 60 mm.;12,00;"‚Ç¨12,00
Sin existencias
Ancho: 60mm
Longidud: 193mm
Material: l√°tex de caucho natural
Forma: cil√≠ndrica
Lubricante: silicona
Dep√≥sito: si
Espesor de pared: 0.07mm
Calidad: ISO 4074
Se presenta en caja de 10 unidades";data/imagenes_productos\my.size-60.jpg;https://eurovisex.com/categoria-producto/preservativos/page/1/
Preservativos MY.SIZE 64 mm.;12,00;"‚Ç¨12,00
Sin existencias
Ancho: 64mm
Longidud: 223mm
Material: l√°tex de caucho natural
Forma: cil√≠ndrica
Lubricante: silicona
Dep√≥sito: si
Espesor de pared: 0.07mm
Calidad: ISO 4074
Se presenta en caja de 10 unidades";data/imagenes_productos\my.size-64-2.jpg;https://eurovisex.com/categoria-producto/preservativos/page/1/
Preservativos MY.SIZE 69 mm.;12,00;"‚Ç¨12,00
Sin existencias
Ancho: 69mm
Longidud: 223mm
Material: l√°tex de caucho natural
Forma: cil√≠ndrica
Lubricante: silicona
Dep√≥sito: si
Espesor de pared: 0.07mm
Calidad: ISO 4074
Se presenta en cajas de 10 unidades";data/imagenes_productos\my.size-69.jpg;https://eurovisex.com/categoria-producto/preservativos/page/1/
Preservativos Non Stop Control;10,00;"‚Ç¨10,00
Disponibilidad:
2 disponibles
Preservativo c√≥modo y resistente dise√±ado para prolongar las relaciones gracias a que contiene benzoca√≠na, lo que permite alargar las relaciones sexuales y favorecer unas relaciones sanas y satisfactorias.
Cuenta tambi√©n con puntos y estr√≠as que producen un efecto estimulante en la pareja.
Se presenta en caja de 12 unidades";data/imagenes_productos\control-nonstop.jpg;https://eurovisex.com/categoria-producto/preservativos/page/1/
Preservativos Ultra Feel Control;10,00;"‚Ç¨10,00
Disponibilidad:
4 disponibles
Pertenecen a la gama m√°s fina de Control, ya que son un 30% m√°s finos, por lo que proporcionan una sensibilidad m√°xima.
Tiene un ancho de 52 mm.
Es transparente, lubricando y con dep√≥sito.
Se presenta en caja de 10 unidades";data/imagenes_productos\control-ultra-feel.jpg;https://eurovisex.com/categoria-producto/preservativos/page/1/
Estimulador clitoris Satisfyer 1 Next Generation;19,95;"‚Ç¨19,95
Sin existencias
Para que siempre puedas llevar un poco de placer en la maleta, tu fiel compa√±ero de viaje funciona con dos pilas AAA¬† que te permitir√° disfrutar de tu viaje sensual por el mundo sin complicaciones debidas a la incompatibilidad de los enchufes.
A pesar de ser el hermano menor, cuenta con los 11 niveles de succi√≥n que han hecho famosa a toda la familia Satisfyer.
El Satisfyer 1 ofrece ondas de presi√≥n cl√°sicas con un hermoso dise√±o de oro rosa y proporciona estimulaci√≥n sin contacto para el cl√≠toris con once intensidades. Gracias a las bater√≠as extra√≠bles, tus ¬´viajes¬ª nunca volver√°n a ser lo mismo.

Satisfyer Number One te anima con unas intensas ondas de presi√≥n que hacen vibrar el cl√≠toris. Este vibrador para cl√≠toris cuenta un dise√±o elegante de color oro rosado. Gracias a su forma ergon√≥mica, el Number One se ajusta perfectamente a la mano y acaricia tu perla de placer sin tocarla con 11 intensidades impresionantes, que se pueden ajustar f√°cilmente subiendo y bajando con los botones +/-. La delicada y agradable silicona de uso m√©dico hace que esta pieza de joyer√≠a sea extremadamente agradable para la piel y que te proporcione muchas horas de placer.
El vibrador para cl√≠toris es resistente al agua (IPX7) y te mima no solamente en el sof√° o en la cama, sino tambi√©n bajo la ducha o en la ba√±era. Su motor es silencioso como un susurro para que puedas entregarte totalmente a la excitaci√≥n. Puedes cambiar f√°cilmente la bater√≠a cuando sea necesario, y as√≠ llevar el Satisfyer Number One de viaje y tenerlo listo para disfrutar de horas er√≥ticas en cualquier momento. Una vez que la vibraci√≥n del orgasmo se haya atenuado, podr√°s limpiarlo f√°cilmente con agua tibia, jab√≥n y un limpiador de juguetes. Tambi√©n ofrecemos una garant√≠a de 15 a√±os para esta pieza de joyer√≠a, por lo que estamos seguros de su calidad. ¬øQu√© m√°s te detiene ahora para pedirlo de inmediato y dejar volar tu deseo?
Puedes comprar este modelo de Satisfyer en nuestros Sex Shop en Logro√±o, Zaragoza, lerida y Benidorm, y tambien online.";data/imagenes_productos\Number_One_015061TO_72dpi_2-500x500.png;https://eurovisex.com/categoria-producto/succionador-de-clitoris/page/1/
Estimulador Pro Traveler Satisfyer;49,95;"‚Ç¨49,95
Sin existencias
Estimulador de viaje que te permite tener orgasmos m√∫ltiples mediante la estimulaci√≥n sin contacto. Tiene 11 patrones de vibraci√≥n que convierten a este producto en un maestro del placer.
Su¬† manejo es muy intuitivo y te permite bajar y subir la intensidad con toda comodidad para que vivas un disfrute individual sin l√≠mites.
El motor es totalmente silencioso, para que llegues al cl√≠max sin llamar la atenci√≥n. Es incre√≠ble cuando lo usas debajo del agua, debido a que es completamente impermeable, lo que tambi√©n facilita su limpieza.";data/imagenes_productos\satisfyer-pro-traveler.jpg;https://eurovisex.com/categoria-producto/succionador-de-clitoris/page/1/
Estimulador Satisfyer One Night Stand (un uso);14,95;"‚Ç¨14,95
Sin existencias
90 minutos de probada potencia Satisfyer.
Con 4 programas de ondas de presi√≥n.
Su dise√±o ergon√≥mico cabe hasta en el bolso m√°s peque√±o gracias a su reducido tama√±o. As√≠, estar√° disponible en todo momento para su uso.";data/imagenes_productos\images.jpg;https://eurovisex.com/categoria-producto/succionador-de-clitoris/page/1/
Estimulador Satisfyer Pro 2 Next Generation;49,95;"‚Ç¨49,95
Disponibilidad:
4 disponibles
M√°s silencioso que los modelos predecesores incluso utiliz√°ndolo en la ba√±era, algo que puedes hacer sin problema pues es resistente al agua.
Su acabado de alta calidad no solo es elegante, sino que mejora la higiene del producto, pues en el interior del aparato no puede entrar agua, lubricantes ni otros fluidos.
El bestseller de los succionadores de clitoris de Satisfyer en Zaragoza";data/imagenes_productos\satisfyer-pro2-next-generation.jpg;https://eurovisex.com/categoria-producto/succionador-de-clitoris/page/1/
Estimulador Satisfyer Pro 2 Vibration;79,50;"‚Ç¨79,50 El precio original era: ‚Ç¨79,50.‚Ç¨59,50El precio actual es: ‚Ç¨59,50.
Disponibilidad:
1 disponibles
Si la estimulaci√≥n profunda de la tecnolog√≠a de impulsos de aire del modelo Pro 2 ya te ha proporcionado orgasmos de una intensidad inolvidable, su sucesor te catapultar√° hacia niveles insospechados con su nueva funci√≥n vibratoria adicional.
Este modelo incorpora una m√°gica ¬´vibraci√≥n¬ª y combina los 11 niveles de su popular estimulaci√≥n del cl√≠toris mediante impulsos intensos con los 10 programas de vibraciones altamente er√≥ticas que provocan excitantes ondas en el borde del cabezal.";data/imagenes_productos\satisfyer-pro2-Vibration.jpg;https://eurovisex.com/categoria-producto/succionador-de-clitoris/page/1/
Estimulador Satisfyer Pro Penguin;49,95;"‚Ç¨49,95
Disponibilidad:
3 disponibles
Su forma delgada y ergon√≥mica se adapta perfectamente a la mano y es muy c√≥moda.
Por su dise√±o manejable y su facilidad de manejo, es ideal para las mujeres que quieran iniciarse en estos juegos solitarios.
Es mucho m√°s silencioso durante el uso que otros productos similares en el mercado. Su suave caperuza de silicona antialerg√©nica es higi√©nica, y protege el interior contra la entrada de agua, lubricantes u otros fluidos.";data/imagenes_productos\Satisfyer-penguin.jpg;https://eurovisex.com/categoria-producto/succionador-de-clitoris/page/1/
HER ULTIMATE PLEASURE;129,90;"‚Ç¨129,90 El precio original era: ‚Ç¨129,90.‚Ç¨99,90El precio actual es: ‚Ç¨99,90.
Disponibilidad:
2 disponibles
S√© creativo con tu juego esta noche con Fantasy For Her Ultimate Pleasure Vibe de dos caras de Pipedream Products.
Incluyendo 2 puntos de placer para elegir, Her Ultimate Pleasure Vibe lame, chupa y vibra a la vez para sacarte.
Uno de los extremos tiene una lengua sensual con 2 mangas texturizadas y 2 ventosas intercambiables que envuelven tu cl√≠toris y tus labios enteros para una experiencia de sexo oral orgasmista realista.
Un mango suave y sensual en el otro extremo se duplica como un masajeador de punto G robusto que se extiende hacia arriba para lograr un sexo completo y sin aliento.
Cuatro potentes motores recargables brindan una estimulaci√≥n √∫nica, dentro y fuera, y una simple interfaz de bot√≥n te mantiene a cargo de la intensidad.
Utilice las tres funciones a la vez o de forma independiente. ¬°Las opciones son infinitas con Her Ultimate Pleasure Vibe!
Lleve a su amor a la ba√±era, la ducha y la piscina: la herramienta sexual de doble cara Pipedream For Her es impermeable y est√° lista para salpicar en cualquier escena acu√°tica.
Lubrique bien con su lubricante a base de agua favorito, y limpie en un instante antes y despu√©s de usarlo con un jab√≥n antibacterial y un enjuague con agua tibia (se seca completamente al aire antes de almacenarlo).
El exclusivo vibrador de succi√≥n oral con punta insertable est√° fabricado con ABS (asas y vasos) seguros para el cuerpo, silicona (lengua) y TPE (mangas texturadas) para su tranquilidad.
El sextoy multifunci√≥n de Pipedream para ella mide 10 ¬´de largo (25 cm), 1.5¬ª de di√°metro, y viene con un cable de carga magn√©tico USB GRATIS para encenderlo.";data/imagenes_productos\fantasy-for-her-her-ultimate-pleasure-D_NQ_NP_790842-MLM31185476003_062019-F-500x500.jpg;https://eurovisex.com/categoria-producto/succionador-de-clitoris/page/1/
SATISFYER 2 NEXT GENERATION;29,95;"‚Ç¨29,95 El precio original era: ‚Ç¨29,95.‚Ç¨24,95El precio actual es: ‚Ç¨24,95.
Sin existencias
El nuevo estimulador Satisfyer Pro 2 Next generation es resistente al agua y rinden mejor en el agua ya que intensifican los momentos de placer de la mujer.
Todo lo que una mujer necesita, este juguete es de cabeza ovalada y con una t√©cnica de presi√≥n y masaja sin contacto para un mayor placer femenino.
Incluye bot√≥n de encendido f√°cil.
Este estimulador succionador de cl√≠toris te ayudar√° a conseguir orgasmos m√∫ltiples y m√°s intensos. Satisfyer Pro 2 next generation estimula el cl√≠toris sin contacto con ondas expansivas y pulsaciones excitantes para obtener un mayor placer.
Estimulaci√≥n del cl√≠toris sin contacto
Estimulaci√≥n por onda expansiva
Cable USB de carga magn√©tica Incluido
Bater√≠a de iones de Litio
Silicona agradable al cuerpo
11 Programas
90% m√°s silencioso
Los nuevos modelos Satisfyer Pro next generation son resistentes al agua y de recarga r√°pida. El Satisfyer Pro Penguin next generation, el Satisfyer Pro Deluxe next generation y el Satisfyer Pro 2 next generation surten su mejor efecto en el agua e intensifican los momentos de placer en este elemento.
Todo lo que quieren las mujeres‚Ä¶ Este juguete con cabezal ovalada, una t√©cnica innovadora de presi√≥n y masaje sin contacto para un mayor placer.";data/imagenes_productos\satisfyer-2-estimulador-de-clitoris-para-mujer-500x500.jpg;https://eurovisex.com/categoria-producto/succionador-de-clitoris/page/1/
Satisfyer Love Triangle Connect App Succionador clitoris viaje mini;69,95;"‚Ç¨69,95 El precio original era: ‚Ç¨69,95.‚Ç¨65,00El precio actual es: ‚Ç¨65,00.
Disponibilidad:
3 disponibles
Nuestro Love Triangle combina la probada tecnolog√≠a Air-Pulse con vibraciones profundas y un suave cabezal de silicona. Su pr√°ctico capuch√≥n asegura un almacenamiento higi√©nico y discreto en todo momento, incluso durante los viajes.


El Satisfyer Love Triangle es un c√≥modo vibrador para cl√≠toris con un dise√±o elegante, que se envuelve suavemente alrededor de tu cl√≠toris gracias a su suave cabezal y te lleva con su sensual combinaci√≥n de ondas de presi√≥n y vibraciones a unos orgasmos inimaginables. Eres completamente libre de elegir d√≥nde y c√≥mo quieres disfrutar del placer, ya que esta joya es resistente al agua (grado de protecci√≥n IPX7) y te puede acompa√±ar con mucho gusto bajo el agua. La suave silicona es extremadamente deslizante y se puede limpiar f√°cilmente despu√©s de su uso con agua tibia, jab√≥n y un limpiador de juguetes. Si el rendimiento de tu juguete de bienestar sexual es cada vez menor, puedes recargar la bater√≠a de iones de litio en poco tiempo de forma respetuosa con el medio ambiental con el cable de carga magn√©tico por USB suministrado.
Con este vibrador no solamente puedes elegir entre combinaciones de intensidad de ondas de presi√≥n y vibraciones preestablecidas, sino que tambi√©n puedes crear tus propias obras gracias a un innovador control basado en una aplicaci√≥n. Simplemente tienes que descargar la aplicaci√≥n gratuita Satisfyer Connect en tu dispositivo Android o iOS y conectar tu smartphone, tableta o Apple Watch a trav√©s de Bluetooth y opcionalmente por Internet a tu proveedor de placer.
Crea tus propias vibraciones y comp√°rtelas con otros usuarios de todo el mundo. Experimenta la vibraci√≥n al ritmo de tu lista de reproducci√≥n favorita de Spotify directamente en tu Satisfyer Love Triangle; tu creatividad no tiene l√≠mites gracias a esta aplicaci√≥n de control remoto. Tambi√©n puedes permitir a tu pareja que tome el control o controlar el Satisfyer de otros usuarios a trav√©s de videochat. Vive aventuras inesperadas y avent√∫rate en los mundos digitales completamente nuevos de la aplicaci√≥n Satisfyer Connect. Evidentemente, la aplicaci√≥n cumple con el RGPD y con todas las normas de protecci√≥n de datos alemanas y europeas. De esta manera puedes relajarte completamente y llevar tu vida sexual a un nuevo nivel. ¬øA qu√© esperas? Unas horas de placer apasionante te esperan.
";data/imagenes_productos\Love_Triangle_White_001777SF_72dpi_1-500x500.png;https://eurovisex.com/categoria-producto/succionador-de-clitoris/page/1/
SATISFYER PRO 3 VIBRATION;59,95;"‚Ç¨59,95
Disponibilidad:
4 disponibles
El Satisfyer 3 pro es el √∫ltimo modelo de succionador de cl√≠toris dise√±ado por esta reconocida marca. Un juguete imprescindible en la colecciones de toda mujer, una m√°quina de conseguir orgasmos r√°pidos y placenteros. Este modelo tiene una est√©tica negra muy elegante conservando toda la sostificaci√≥n tecnol√≥gica de sus predecesores.
De tacto suave, el Satisfyer 3 viene equipado con 11 programas diferentes de succi√≥n m√°s otros 10 modos de vibraci√≥n para que puedas obtener m√°s de 100 combinaciones, sin duda, se adapta a cualquier mujer, ya sea que le guste algo suave y tranquilo o requiera de una vibraci√≥n potente e intensa.
Este juguete emite peque√±os impulsos que se transmiten alrededor del cl√≠toris de la mujer en forma de vibraciones sin llegar nunca a tocarlo, de esta forma la zona no se sensibiliza pudiendolo utilizar de forma indefinida obteniendo siempre el m√°ximo placer.";data/imagenes_productos\satisfyer-pro-3-vibration-500x500.jpg;https://eurovisex.com/categoria-producto/succionador-de-clitoris/page/1/
Succionador cl√≠toris Satisfyer Pro Deluxe Next Generation;49,95;"‚Ç¨49,95
Sin existencias
Sus 11 extravagantes niveles convierten a este vibrador en una aut√©ntica maravilla, ofreci√©ndote una estimulaci√≥n del cl√≠toris m√°s suave o m√°s en√©rgica, seg√∫n te apetezca, gracias a sus fascinantes ondas de presi√≥n. El bot√≥n de dise√±o optimizado te permite ir aumentando y reduciendo la intensidad, facilit√°ndote as√≠ el m√°ximo placer individual. Adem√°s, la luz del panel de mando del Deluxe ya no es tan intensa y, por tanto, es m√°s agradable.
Su acabado¬†resistente al agua¬†impide que entren l√≠quidos en su interior.";data/imagenes_productos\Satisfyer-Pro-Deluxe-Next-Generation.jpg;https://eurovisex.com/categoria-producto/succionador-de-clitoris/page/1/
Succionador de clitoris Satisfyer 1+ Pro Plus;69,95;"‚Ç¨69,95
¬øDisfrutas de las ondas de presi√≥n de tu Satisfyer pero echas de menos las vibraciones sensuales de un cl√°sico vibrador? El nuevo Satisfyer Pro Plus combina las ondas de presi√≥n con vibraciones, ¬°d√°ndote una experiencia de placer incomparable!
El dise√±o de este Satisfyer se parece un poco a un boomerang australiano: una vez en tu mano, siempre volver√° a ti. Fabricado completamente de silicona suave como la seda, este pr√°ctico dispensador de placer presenta una estimulaci√≥n de onda de presi√≥n del cl√≠toris cl√°sica y libre de contacto, as√≠ como una tentadora funci√≥n de vibrador. El accesorio de silicona es suave de modo que las ondas de presi√≥n te conducen al √©xtasis puro, mientras que las vibraciones te proporcionan una estimulaci√≥n adicional.
Al igual que todos los productos de la familia Satisfyer, Pro Plus Vibration ofrece 11 configuraciones de intensidad. La funci√≥n de vibraci√≥n asegura un placer adicional: el motor silencioso pero potente hace que la cabeza vibre tentadoramente, masaje√°ndote con una selecci√≥n de 10 configuraciones de vibraci√≥n variadas. Las ondas de presi√≥n y las vibraciones se pueden controlar por separado, proporcion√°ndote una amplia experiencia de placer. El acabado resistente al agua significa que es tambi√©n el compa√±ero ideal para ba√±arse.
Las ondas de presi√≥n se activan con el bot√≥n de encendido / apagado, y se pueden ajustar hacia arriba y hacia abajo usando los botones +/- de acuerdo con tu estado de √°nimo. La vibraci√≥n es controlada por otro bot√≥n, lo que significa que siempre puede disfrutar de las dos funciones por separado. Gracias a su bater√≠a recargable integrada, la Vibraci√≥n Satisfyer Pro Plus se puede cargar f√°cilmente con el cable USB magn√©tico suministrado.
La cabeza de silicona es respetuosa con la piel y tiene una forma ergon√≥mica. El cabezal tambi√©n es intercambiable para facilitar la limpieza. Para la mejor experiencia de placer, recomendamos usar un lubricante a base de agua. El cable de carga USB magn√©tico (incluido) tambi√©n se puede complementar con un enchufe est√°ndar de 5 V si es necesario.
Caracter√≠sticas:
11 intensidades
10 configuraciones de vibraci√≥n
Controles intuitivos
Impermeable
Recargable por USB magn√©tico (incluido)
Sin existencias";data/imagenes_productos\satisfyer-succionador-de-clitoris-pro-plus-vibration-500x500.jpg;https://eurovisex.com/categoria-producto/succionador-de-clitoris/page/1/
Succionador de clitoris Satisfyer High Fashion Aluminio Zaragoza;149,95;"‚Ç¨149,95 El precio original era: ‚Ç¨149,95.‚Ç¨99,95El precio actual es: ‚Ç¨99,95.
Disponibilidad:
3 disponibles
El lujoso Satisfyer High Fashion Zaragoza es el no va m√°s del cuidado sexual de la alta costura: con un dise√±o de aluminio cepillado de corte √∫nico, esta feroz arma de placer elevar√° tu experiencia org√°smica y llevar√° tu cuerpo a su cl√≠max m√°s potente.

¬øEstimulaci√≥n por ondas de presi√≥n y dise√±o de lujo? ¬°Satisfyer High Fashion puede lograr las dos cosas! El vibrador de ondas de presi√≥n de alta calidad hecho de aluminio pulido a mano seduce con su aspecto elegante y minimalista y acaricia el cl√≠toris con una combinaci√≥n sensual de ondas de presi√≥n pulsantes y una potente vibraci√≥n. El cabezal de aplicaci√≥n redondo hecho de silicona l√≠quida extra suave envuelve perfectamente tu perla de placer y te seduce con una sensaci√≥n de suavidad cari√±osa. Al mismo tiempo, el cuerpo ergon√≥mico de High Fashion se adapta perfectamente a la mano.
El Satisfyer High Fashion perteneciente a la colecci√≥n de lujo se puede controlar f√°cilmente a trav√©s del panel de control intuitivo, de modo es posible regular y combinar las 11 intensidades de onda de presi√≥n y los 10 programas de vibraci√≥n de forma independiente. Gracias a las numerosas combinaciones posibles, siempre encontrar√°s el programa id√≥neo para tus necesidades. El vibrador de ondas de presi√≥n tambi√©n te puede acompa√±ar bajo la ducha o en la ba√±era al tener un acabado impermeable (IPX7). En caso de que el High Fashion se quede sin aliento, sus bater√≠as integradas se pueden recargar mediante el cable de carga USB incluido.";data/imagenes_productos\luxury-high-fashion_1_g.jpeg;https://eurovisex.com/categoria-producto/succionador-de-clitoris/page/1/
Vibrador de pareja Satisfyer Pro 4 Couples;59,95;"‚Ç¨59,95
Disponibilidad:
2 disponibles
La parte alargada se introduce en la vagina y vibra con 10 potentes programas que masajean sensualmente durante el coito tanto el pene como la vagina. Al mismo tiempo, ella podr√° disfrutar de la estimulante presi√≥n sobre su punto G. La parte externa del vibrador en U estimula el cl√≠toris con ondas de presi√≥n efectivas que recuerdan al sexo oral. El estimulante cambio entre presi√≥n y succi√≥n en 11 intensidades genera una sensaci√≥n de placer inolvidable.
Con el mando de manejo intuitivo pod√©is controlar la vibraci√≥n y las ondas de presi√≥n por separado, con innumerables combinaciones. El Pro 4 Couples es silencioso. El acabado impermeable lo convierte, adem√°s en un compa√±ero perfecto bajo el agua, para que disfrut√©is con √©l en la ducha o en la ba√±era.";data/imagenes_productos\Satisfyer-pro-4-couples-1.jpg;https://eurovisex.com/categoria-producto/succionador-de-clitoris/page/1/
Arn√©s doble pene Jelly Seven Creations;55,00;"‚Ç¨55,00
Disponibilidad:
4 disponibles
Arn√©s ajustable para ella con 2 dildos de distintos tama√±os.";data/imagenes_productos\Harnes-doble-pene.jpg;https://eurovisex.com/categoria-producto/vibradores-dildos/page/1/
Arn√©s Ultra Harness;59,50;"‚Ç¨59,50
Sin existencias
Es de¬† talla √∫nica y se adapta perfectamente; dispone de bandas el√°sticas c√≥modas de usar y perfectas para la penetraci√≥n.
Incorpora una bolsa practica para guardarlo despu√©s de su uso.
Sus principales caracter√≠sticas son;";data/imagenes_productos\ultra-arnes-Libayle.jpg;https://eurovisex.com/categoria-producto/vibradores-dildos/page/1/
Vibrador Arvin Pretty Love;39,50;"‚Ç¨39,50
Disponibilidad:
1 disponibles
Vibrador/masajeador de peque√±o tama√±o¬† que te ayudara a estimular tu punto G a la vez que masajea el resto del cuerpo con sus 30 modos de vibraci√≥n.
Es recargable, por lo que no tendr√°s que preocuparte de tenerlo siempre dispuesto a cumplir tus deseos m√°s intimos.";data/imagenes_productos\Minivibrador-Arvin-Prettyu-Love.jpg;https://eurovisex.com/categoria-producto/vibradores-dildos/page/1/
Vibrador con estimulador Dylan Pretty Love;99,90;"‚Ç¨99,90
Sin existencias
Vibrador ergon√≥mico flexible con 7 funciones de vibraci√≥n y 4 funciones ondulantes, que permiten estimular el punto G. Ambas, vibraci√≥n y ondulaci√≥n, se pueden combinar.
Muy potente y silencioso, adem√°s de sumergible. Fabricado en silicona m√©dica hipoalerg√©nica.";data/imagenes_productos\dylan1.jpg;https://eurovisex.com/categoria-producto/vibradores-dildos/page/1/
Vibrador con estimulador Freda Pretty Love;49,50;"‚Ç¨49,50
Disponibilidad:
1 disponibles
De silicona suave y aterciopelada.¬†Es flexible y se adapta al cuerpo.
Posee dos motores muy, muy potentes que te sorprender√°n. Adem√°s funcionan de forma independiente. Estimula cl√≠toris y punto G al mismo tiempo de forma sencilla y efectiva.";data/imagenes_productos\Freda-Pretty-Love.jpg;https://eurovisex.com/categoria-producto/vibradores-dildos/page/1/
Vibrador con estimulador V1 Virgite;79,50;"‚Ç¨79,50
Sin existencias
Vibrador de silicona suave y sedosa, que dispone de dos potentes motores.
Tiene 4 velocidades y 7 modos de vibraci√≥n. Es resistente al agua.
Recargable mediante cable USB (inclu√≠do)";data/imagenes_productos\virgite-500x500.jpg;https://eurovisex.com/categoria-producto/vibradores-dildos/page/1/
Vibrador de pareja Partner Plus Remote;49,95;"‚Ç¨49,95
Disponibilidad:
3 disponibles
Es un perfecto complemento para vuestras relaciones amorosas a d√∫o. Ergon√≥micamente dise√±ado para estimular el punto G y el cl√≠toris a la vez, pero por supuesto con espacio para disfrutar de la penetraci√≥n al mismo tiempo.
Flexible en estructura y suave al tacto, es de f√°cil manejo: un bot√≥n de encendido con 10 diferentes programas de vibraci√≥n, para que selecciones el que m√°s te guste. Para desactivar el juguete, no tienes m√°s que mantener el bot√≥n pulsado.
Dos motores, uno en la parte superior y otro en la parte inferior, intensificar√°n el placer el doble.
Es recargable y sumegible para facilitar su limpieza.";data/imagenes_productos\Partner-Plus-Remote.jpg;https://eurovisex.com/categoria-producto/vibradores-dildos/page/1/
Vibrador estimulador Kali;39,50;"‚Ç¨39,50
Sin existencias
Este vibrador tiene un dise√±o curvo para estimular f√°cilmente el punto G femenino.
Tiene una peque√±a curva inferior que permite masajear suavemente el cl√≠toris mientras masajea el punto G.
Caracter√≠sticas:";data/imagenes_productos\vibrador-kali.jpg;https://eurovisex.com/categoria-producto/vibradores-dildos/page/1/
Vibrador estimulador Mister Rabbit Satisfyer;59,95;"‚Ç¨59,95
Disponibilidad:
1 disponibles
En el pr√°ctico anillo de sujeci√≥n con panel de mando encontrar√°s de manera intuitiva las vibraciones que m√°s te gustan simplemente pulsando un bot√≥n, mientras sujetas con firmeza este simp√°tico conejillo incluso en los momentos m√°s h√∫medos e intensos. Los 12 programas de vibraci√≥n, especialmente potentes, se componen de 6 intensidades y 6 ritmos celestiales. Los 2 motores distribuyen las vibraciones por todo el tallo y el estimulador del cl√≠toris, por lo que proporciona una intensa estimulaci√≥n por todo tu cuerpo.
El acabado impermeable (IPX7) del Mr. Rabbit te invita tambi√©n a disfrutar de momentos de placer en la ducha o la ba√±era.";data/imagenes_productos\satisfyer-vibes_mister_rabbit-500x500.png;https://eurovisex.com/categoria-producto/vibradores-dildos/page/1/
vibrador para tanga/braga control remoto rosa;49,95;"‚Ç¨49,95
üëÑERGONOM√çA Y SILICONA SEGURA: el vibrador port√°til tiene un dise√±o ergon√≥mico. Su forma suave y aerodin√°mica se adapta perfectamente a su √°rea √≠ntima. ¬°La silicona segura para el cuerpo hace que el tacto sea m√°s c√≥modo y seguro!
üëÑCONTROL REMOTO Y 9 MODOS DE VIBRACI√ìN: debido al sistema de potencia mejorado, tiene a su disposici√≥n varias vibraciones que estimulan su cl√≠toris para lograr un orgasmo fant√°stico. Y la combinaci√≥n del control remoto y portabilidad no limita su orgasmo a la habitaci√≥n.
üëÑSILENCIOSO: este estimulador de cl√≠toris con mando a distancia puede ocultarse en su braga y con decibelios menor que 40 dB. ¬øQuiere desarrollar m√°s posibilidad de la vida sexual? El vibrador del cl√≠toris de Love Charm es un juguete perfecto para experimentar la emocionante aventura en la oficina u otros lugares p√∫blicos.
üëÑEMBALAJE DISCRETO Y SERVICIO SATISFACTORIO: prometemos mantener en secreto la informaci√≥n de nuestros clientes y empacarla discretamente para garantizar la protecci√≥n de datos. Adem√°s, si tiene cualquier problema, favor no dude en contactarnos. 100% IMPERMEABLE: puede disfrutar de la libertad utilizando el vibrador port√°til en la ba√±era, la ducha y el hidromasaje. La silicona de alta calidad hecha se puede usar con confianza.
Sin existencias";data/imagenes_productos\braga1.jpg;https://eurovisex.com/categoria-producto/vibradores-dildos/page/1/
Vibrador s√≥nico Focus JimmyJane;129,95;"‚Ç¨129,95
Disponibilidad:
2 disponibles
El vibrador Focus te permite controlar tu orgasmo con poderosas vibraciones de pulsos de alta frecuencia. Gracias a sus 31.000 vibraciones por minuto podr√°s alcanzar la cima de tu excitaci√≥n sexual.
Cuenta con 3 accesorios de silicona de grado m√©dico intercambiables.";data/imagenes_productos\sonic-1-500x646.jpg;https://eurovisex.com/categoria-producto/vibradores-dildos/page/1/
Masturbador Men One Satisfyer;49,95;"‚Ç¨49,95
Disponibilidad:
2 disponibles
Masturbador de hombre de la marca Satisfyer.";data/imagenes_productos\61iFME8ueXL._AC_SL1400_-500x495.jpg;https://eurovisex.com/categoria-producto/masturbador-hombre/page/1/
Juego er√≥tico Fantasy Play;69,50;"‚Ç¨69,50
Disponibilidad:
1 disponibles
Juego er√≥tico que nos ayudar√° a descubrir cual es la fantas√≠a sexual de nuestra pareja.
En las ¬´tarjetas fantas√≠a¬ª cada uno escribir√° su fantas√≠a sexual y la esconder√° sin que le vea el otro entre las dem√°s tarjetas tem√°ticas. El tablero consta de 9 habitaciones con una tem√°tica diferente cada una: sado, anal, voyeur‚Ä¶ Los jugadores se ir√°n moviendo por las casillas del tablero contestando preguntas y realizando pruebas, consiguiendo de esta manera cr√©ditos que pueden canjear por bebida o prendas.¬†Gana el que antes encuentre la fantas√≠a sexual de su pareja, y como premio har√° realidad la fantas√≠a sexual de su pareja.
Contiene:";data/imagenes_productos\juego-fantasy-play.jpg;https://eurovisex.com/categoria-producto/juegos/page/1/
Juego er√≥tico Passion Play;59,50;"‚Ç¨59,50
Sin existencias
Juego de pareja para subir la temperatura corporal en segundos.¬†Se juega sobre un tablero con 4 fases diferentes divididas por colores, cada una con sus respectivas casillas y tarjetas.
Los jugadores ir√°n avanzando por el tablero, realizando las¬†diferentes ¬´tarjetas prueba¬ª¬†para √©l o ella. Finalmente, se llega a las casillas de posturas, que se realizar√°n cronometrando con el reloj de arena.¬†Pierde quien quiera continuar m√°s tiempo del que marque el reloj o llegue antes al orgasmo.";data/imagenes_productos\juego-passion-play.jpg;https://eurovisex.com/categoria-producto/juegos/page/1/
Set E10 Essentials Virgite;39,50;"‚Ç¨39,50
Sin existencias
Disfruta de una velada entretenida en compa√±√≠a de tu pareja con todo lo que contiene este set:";data/imagenes_productos\Kitessentail-500x500.jpg;https://eurovisex.com/categoria-producto/juegos/page/1/
Arn√©s doble pene Jelly Seven Creations;55,00;"‚Ç¨55,00
Disponibilidad:
4 disponibles
Arn√©s ajustable para ella con 2 dildos de distintos tama√±os.";data/imagenes_productos\Harnes-doble-pene.jpg;https://eurovisex.com/categoria-producto/arneses/page/1/
Arn√©s Ultra Harness;59,50;"‚Ç¨59,50
Sin existencias
Es de¬† talla √∫nica y se adapta perfectamente; dispone de bandas el√°sticas c√≥modas de usar y perfectas para la penetraci√≥n.
Incorpora una bolsa practica para guardarlo despu√©s de su uso.
Sus principales caracter√≠sticas son;";data/imagenes_productos\ultra-arnes-Libayle.jpg;https://eurovisex.com/categoria-producto/arneses/page/1/
Perfume feromonas mujer Afrodita;24,95;"‚Ç¨24,95
Perfume feromonas mujer Afrodita, atracci√≥n
Sin existencias
La gama de perfumes con atrayente sexual de trufa que Secret Play ha desarrollado despierta en la persona una irresistible necesidad de contacto er√≥tico.
Las part√≠culas de feromonas biol√≥gicas estimulan el deseo sexual de forma natural a trav√©s del aroma; Una atracci√≥n irresistible para su pareja.
Es un producto femenino.
Envase con sistema ¬´Spray¬ª, de f√°cil aplicaci√≥n y con aroma floral.
No testado en animales y fabricado en Espa√±a.
Se presenta en envase de 50 ml.
Adem√°s de su irresistible aroma a caramelo y su sofisticaci√≥n solo te bastar√°n dos aplicaciones para ir bien perfumada todo el d√≠a.
Es perfecto para hacer un buen regalo o simplemente para darte un homenaje porque te gustar√° tanto que no parar√°s de olerte a ti misma.
Envase con sistema ¬´Spray¬ª
F√°cil Aplicaci√≥n
Capacidad: 50 ml
Aroma a caramelo dulce
Para mujer
Referencia: 3172
EAN: 8435097831725
Peso: 0,14 kg / 140 gr
Medidas: 3,5 (anchura) x 3,8 (profundidad) x 14 (altura)
Ingredientes:
Alcohol Denat., Aqua, Parfum, PEG/PPG-14/4 Dimethicone, Glycerin, Potassium Sorbate, Tuber Melanosporum Extract, Benzyl Salicylate, Coumarin, Alpha-Iisomethyl Ionone, Benzyl Cinnamate, Linalool
Modo de empleo:
El perfume puede ser pulverizado en lugares o prendas, o bien aplicado directamente sobre la piel en las zonas habituales.
Precauciones:
-No mezclar con ning√∫n otro perfume o colonia.
-Producto cosm√©tico de uso s√≥lo externo.
-No utilizar en caso de hipersensibilidad o alergia a alguno de los ingredientes.
-En caso de irritaci√≥n suspender el uso.
-No ingerir.
-No aplicar sobre el √°rea de los ojos o heridas.
-Mantener fuera del alcance de los ni√±os.
-Conservar en un lugar fresco, seco y alejado de la luz solar.";data/imagenes_productos\afrodita1-500x500.jpg;https://eurovisex.com/categoria-producto/colonias-perfumes/page/1/
Perfume sensual femenino Venus;24,95;"‚Ç¨24,95
Sin existencias
La gama de perfumes con atrayente sexual de trufa que Secret Play ha desarrollado despierta en la persona una irresistible necesidad de contacto er√≥tico.
Las part√≠culas de feromonas biol√≥gicas estimulan el deseo sexual de forma natural a trav√©s del aroma; Una atracci√≥n irresistible para su pareja.
Es un producto femenino.
Envase con sistema ¬´Spray¬ª, de f√°cil aplicaci√≥n y con aroma floral.
No testado en animales y fabricado en Espa√±a.
Se presenta en envase de 50 ml.";data/imagenes_productos\perfume-venus.jpg;https://eurovisex.com/categoria-producto/colonias-perfumes/page/1/
Perfume sensual masculino Apolo;24,95;"‚Ç¨24,95
Disponibilidad:
1 disponibles
La gama de perfumes con atrayente sexual de trufa que Secret Play ha desarrollado despierta en la persona una irresistible necesidad de contacto er√≥tico. Las part√≠culas de feromonas biol√≥gicas estimulan el deseo sexual de forma natural a trav√©s del aroma; Una atracci√≥n irresistible para su pareja.
La fragancia m√°s varonil con notas amaderadas.
Producto para hombre.
Envase con sistema ¬´Spray¬ª, de f√°cil aplicaci√≥n.
No testado en animales y fabricado en Espa√±a
Se presenta en envase de 50 ml.";data/imagenes_productos\perfume-apolo.jpg;https://eurovisex.com/categoria-producto/colonias-perfumes/page/1/
Varios;300,00;‚Ç¨300,00;No disponible;https://eurovisex.com/categoria-producto/sin-categorizar/page/1/
